{
"type": "FeatureCollection",
"name": "santa_cruz_municipios_v2",
"crs": { "type": "name", "properties": { "name": "urn:ogc:def:crs:OGC:1.3:CRS84" } },
"features": [
{ "type": "Feature", "properties": { "Municipio": "Concepcion" }, "geometry": { "type": "Polygon", "coordinates": [ [ [ -61.70486741, -14.587079 ], [ -61.70318743, -14.58700261 ], [ -61.68909988, -14.59864689 ], [ -61.68890146, -14.60589679 ], [ -61.68655452, -14.60835954 ], [ -61.68175164, -14.60981044 ], [ -61.68233254, -14.61235284 ], [ -61.67853756, -14.61425148 ], [ -61.67791494, -14.62302744 ], [ -61.67481998, -14.62696893 ], [ -61.67521396, -14.6304198 ], [ -61.66283644, -14.63740661 ], [ -61.66208756, -14.64122988 ], [ -61.66039893, -14.64187705 ], [ -61.66103407, -14.64399029 ], [ -61.65869578, -14.64491161 ], [ -61.65798148, -14.64729498 ], [ -61.65268082, -14.64944974 ], [ -61.64990818, -14.65562378 ], [ -61.65104013, -14.65701989 ], [ -61.6475686, -14.6609536 ], [ -61.64783922, -14.66331739 ], [ -61.64428907, -14.66576209 ], [ -61.64543655, -14.67727665 ], [ -61.64417615, -14.68410328 ], [ -61.63857727, -14.68820122 ], [ -61.6349433, -14.68895044 ], [ -61.63337129, -14.69161919 ], [ -61.63213161, -14.69086659 ], [ -61.6274383, -14.69294855 ], [ -61.62023988, -14.69985347 ], [ -61.61541162, -14.70193756 ], [ -61.61025854, -14.70098461 ], [ -61.60714274, -14.70363723 ], [ -61.59802272, -14.70274857 ], [ -61.59479013, -14.69743626 ], [ -61.59529285, -14.69584768 ], [ -61.591788, -14.69259267 ], [ -61.59140187, -14.70025787 ], [ -61.58488637, -14.70558674 ], [ -61.58410061, -14.71665671 ], [ -61.57981381, -14.7180326 ], [ -61.57916618, -14.72195713 ], [ -61.57435039, -14.72492127 ], [ -61.57503489, -14.72731289 ], [ -61.57187635, -14.72649366 ], [ -61.56501725, -14.73262817 ], [ -61.56444747, -14.73648994 ], [ -61.56015284, -14.74293068 ], [ -61.56034445, -14.74882278 ], [ -61.55768359, -14.75425254 ], [ -61.55787909, -14.76277147 ], [ -61.55049602, -14.76947055 ], [ -61.54843992, -14.7784008 ], [ -61.55050163, -14.79110309 ], [ -61.54918574, -14.79628207 ], [ -61.54509135, -14.8034367 ], [ -61.53497438, -14.80321709 ], [ -61.53233667, -14.8326503 ], [ -61.51831149, -14.86190304 ], [ -61.51706106, -14.88165035 ], [ -61.51514948, -14.88421478 ], [ -61.51942968, -14.88527344 ], [ -61.51907661, -14.88758269 ], [ -61.51523464, -14.89474984 ], [ -61.50990528, -14.89184604 ], [ -61.50311147, -14.89123338 ], [ -61.50800046, -14.90094079 ], [ -61.507653, -14.9061805 ], [ -61.50491345, -14.91586341 ], [ -61.50246539, -14.9171358 ], [ -61.50293037, -14.92119345 ], [ -61.49549976, -14.93717492 ], [ -61.49656664, -14.96699035 ], [ -61.49161809, -14.97717415 ], [ -61.4926872, -15.00515729 ], [ -61.49480308, -15.0156184 ], [ -61.49231008, -15.02988584 ], [ -61.49338702, -15.08515995 ], [ -61.48756451, -15.0931987 ], [ -61.4794306, -15.1132395 ], [ -61.4834098, -15.12272282 ], [ -61.48132514, -15.13132811 ], [ -61.48213725, -15.14160282 ], [ -61.48911218, -15.15319945 ], [ -61.49036208, -15.16955983 ], [ -61.49400934, -15.18322734 ], [ -61.4926306, -15.18856208 ], [ -61.49419181, -15.21812431 ], [ -61.50003314, -15.23058468 ], [ -61.50352428, -15.23079355 ], [ -61.50608451, -15.2358515 ], [ -61.50654393, -15.25451953 ], [ -61.49600401, -15.30122406 ], [ -61.49450005, -15.32047122 ], [ -61.50166974, -15.37596894 ], [ -61.5044919, -15.38514059 ], [ -61.5023756, -15.38910403 ], [ -61.48292267, -15.40531671 ], [ -61.47675614, -15.41489086 ], [ -61.46820916, -15.42222075 ], [ -61.46728303, -15.42538178 ], [ -61.47020982, -15.42936542 ], [ -61.46723662, -15.43687443 ], [ -61.46779689, -15.43953321 ], [ -61.46333565, -15.44255686 ], [ -61.45727224, -15.45120952 ], [ -61.45673334, -15.4614904 ], [ -61.45182655, -15.47311554 ], [ -61.45531236, -15.49279003 ], [ -61.45375399, -15.49655678 ], [ -61.45425126, -15.50810801 ], [ -61.45216531, -15.5113904 ], [ -61.45342772, -15.52774633 ], [ -61.44422721, -15.5343908 ], [ -61.44285758, -15.53835872 ], [ -61.43508489, -15.53937728 ], [ -61.42894206, -15.54266333 ], [ -61.42357579, -15.54193931 ], [ -61.42279119, -15.54489051 ], [ -61.41257899, -15.54645368 ], [ -61.40777615, -15.55138742 ], [ -61.3941623, -15.55821939 ], [ -61.39485737, -15.56571791 ], [ -61.38838508, -15.56955717 ], [ -61.38755473, -15.57283068 ], [ -61.38095832, -15.57924818 ], [ -61.37594335, -15.59120203 ], [ -61.37658876, -15.59517953 ], [ -61.37077754, -15.59873775 ], [ -61.37519347, -15.60243816 ], [ -61.3811267, -15.61584121 ], [ -61.37782073, -15.62138589 ], [ -61.37002353, -15.62274718 ], [ -61.36923168, -15.62484655 ], [ -61.37244505, -15.62623013 ], [ -61.37532757, -15.63111407 ], [ -61.37873081, -15.64573004 ], [ -61.38200591, -15.6490464 ], [ -61.38346594, -15.66068272 ], [ -61.38077147, -15.6688702 ], [ -61.38752016, -15.67658333 ], [ -61.38715876, -15.68574562 ], [ -61.38958974, -15.68711104 ], [ -61.39858565, -15.68705346 ], [ -61.40077799, -15.69150432 ], [ -61.40432225, -15.69251719 ], [ -61.41112342, -15.70068972 ], [ -61.41028682, -15.70315776 ], [ -61.41462781, -15.70920569 ], [ -61.42543261, -15.71608603 ], [ -61.42917756, -15.72170033 ], [ -61.43520226, -15.72414649 ], [ -61.43734247, -15.72781491 ], [ -61.44249912, -15.73162452 ], [ -61.44756879, -15.73329415 ], [ -61.44890265, -15.73068454 ], [ -61.45386485, -15.73385078 ], [ -61.46511473, -15.73326931 ], [ -61.47298608, -15.73489656 ], [ -61.47878452, -15.73867806 ], [ -61.48452019, -15.74664875 ], [ -61.49058463, -15.7633862 ], [ -61.49581701, -15.76443229 ], [ -61.50268304, -15.76865119 ], [ -61.50879153, -15.76826656 ], [ -61.51365317, -15.77591487 ], [ -61.52187968, -15.77932999 ], [ -61.53484801, -15.77360591 ], [ -61.54365803, -15.77238537 ], [ -61.5514932, -15.77867488 ], [ -61.56566187, -15.78207456 ], [ -61.57092203, -15.77720374 ], [ -61.57374211, -15.76898254 ], [ -61.58312444, -15.76451158 ], [ -61.59956197, -15.76589759 ], [ -61.61255518, -15.77356996 ], [ -61.60739223, -15.77892726 ], [ -61.60334057, -15.77972441 ], [ -61.5984161, -15.78395354 ], [ -61.59282352, -15.80084241 ], [ -61.5942632, -15.8100704 ], [ -61.58731185, -15.81825633 ], [ -61.58348118, -15.82556436 ], [ -61.58196645, -15.83499591 ], [ -61.57907387, -15.84235017 ], [ -61.57509057, -15.84745628 ], [ -61.57216712, -15.85854607 ], [ -61.57400035, -15.86078534 ], [ -61.57391146, -15.86632417 ], [ -61.57624381, -15.86866355 ], [ -61.57711002, -15.87341415 ], [ -61.58136278, -15.87878666 ], [ -61.57865479, -15.88774109 ], [ -61.5811575, -15.89468015 ], [ -61.58832314, -15.9047187 ], [ -61.59693982, -15.91376125 ], [ -61.60911666, -15.92122972 ], [ -61.61849848, -15.92356561 ], [ -61.63550522, -15.93319477 ], [ -61.64401442, -15.943968 ], [ -61.64960372, -15.96320161 ], [ -61.65625905, -15.97628925 ], [ -61.66326334, -15.99941383 ], [ -61.67505713, -16.02025978 ], [ -61.67957161, -16.05952527 ], [ -61.67999947, -16.08440346 ], [ -61.67825159, -16.08618462 ], [ -61.68303992, -16.09661606 ], [ -61.68142975, -16.10311016 ], [ -61.68367762, -16.10441241 ], [ -61.68165462, -16.10691128 ], [ -61.6838462, -16.11245302 ], [ -61.68027852, -16.13305642 ], [ -61.68325852, -16.13609304 ], [ -61.68194152, -16.13906387 ], [ -61.68562735, -16.1404966 ], [ -61.68756606, -16.14370253 ], [ -61.68361376, -16.14837119 ], [ -61.68564091, -16.15250089 ], [ -61.68388152, -16.15491309 ], [ -61.68650283, -16.15603779 ], [ -61.67959557, -16.16432376 ], [ -61.67934695, -16.16919777 ], [ -61.67603531, -16.17308054 ], [ -61.67704852, -16.18136971 ], [ -61.67572787, -16.18292831 ], [ -61.67650104, -16.18888661 ], [ -61.67516705, -16.19214564 ], [ -61.67689335, -16.19856949 ], [ -61.67979141, -16.20044847 ], [ -61.68128263, -16.20532266 ], [ -61.68507296, -16.20931039 ], [ -61.68647763, -16.21743642 ], [ -61.68494491, -16.22122513 ], [ -61.68640165, -16.22703527 ], [ -61.69782568, -16.24258868 ], [ -61.69834388, -16.25135172 ], [ -61.7054563, -16.26571728 ], [ -61.7046316, -16.27062789 ], [ -61.69761488, -16.27920511 ], [ -61.69322392, -16.28778982 ], [ -61.68756064, -16.29248702 ], [ -61.68333495, -16.30294318 ], [ -61.67380449, -16.30311255 ], [ -61.67043796, -16.30525513 ], [ -61.67121619, -16.31522494 ], [ -61.66949302, -16.31916385 ], [ -61.6717407, -16.33498257 ], [ -61.67482181, -16.34137499 ], [ -61.67523416, -16.34688169 ], [ -61.67144287, -16.35215955 ], [ -61.67100185, -16.35644464 ], [ -61.66585118, -16.36251179 ], [ -61.66530892, -16.37225727 ], [ -61.65753549, -16.38020858 ], [ -61.65916101, -16.38533133 ], [ -61.65669418, -16.39183909 ], [ -61.65756712, -16.39961848 ], [ -61.65133239, -16.4044587 ], [ -61.6522916, -16.40881112 ], [ -61.65529532, -16.41074845 ], [ -61.65797529, -16.41904697 ], [ -61.65931262, -16.43310553 ], [ -61.65734418, -16.43749749 ], [ -61.65386895, -16.43940482 ], [ -61.65314857, -16.44406865 ], [ -61.64992332, -16.44548781 ], [ -61.65198594, -16.45714928 ], [ -61.64959987, -16.47336269 ], [ -61.6456838, -16.47444196 ], [ -61.6435471, -16.47867816 ], [ -61.64084527, -16.48040481 ], [ -61.63887171, -16.48950847 ], [ -61.64073093, -16.49763639 ], [ -61.63931431, -16.50226726 ], [ -61.6412221, -16.55265249 ], [ -61.95823192, -16.55447732 ], [ -62.2279571, -16.88505693 ], [ -62.22690875, -16.88956546 ], [ -62.22297145, -16.88837426 ], [ -62.22118864, -16.89031361 ], [ -62.22719752, -16.8905174 ], [ -62.22808997, -16.89418767 ], [ -62.22265214, -16.8936051 ], [ -62.22207857, -16.89742514 ], [ -62.21726537, -16.89422681 ], [ -62.21674122, -16.89915547 ], [ -62.21465889, -16.9003728 ], [ -62.21327813, -16.89835799 ], [ -62.21541035, -16.89739818 ], [ -62.21599291, -16.89537441 ], [ -62.21441197, -16.89707272 ], [ -62.20901655, -16.89453975 ], [ -62.20739114, -16.89745392 ], [ -62.21181209, -16.89671814 ], [ -62.21213842, -16.89835834 ], [ -62.21001081, -16.89849391 ], [ -62.20890852, -16.90071991 ], [ -62.21185038, -16.90204057 ], [ -62.20880451, -16.90432441 ], [ -62.20792933, -16.90251234 ], [ -62.20333568, -16.9055996 ], [ -62.20100413, -16.90421501 ], [ -62.20246316, -16.90013189 ], [ -62.19878146, -16.90287605 ], [ -62.19862219, -16.89920671 ], [ -62.19729973, -16.8985294 ], [ -62.1965719, -16.90188721 ], [ -62.19577478, -16.90019931 ], [ -62.19411435, -16.90099538 ], [ -62.19357145, -16.90560268 ], [ -62.19241408, -16.90420897 ], [ -62.19050018, -16.90470885 ], [ -62.190818, -16.90123312 ], [ -62.18865919, -16.90086665 ], [ -62.18718521, -16.90254177 ], [ -62.18867083, -16.90536317 ], [ -62.18646509, -16.90620469 ], [ -62.18348244, -16.90370064 ], [ -62.18467032, -16.90741757 ], [ -62.18270622, -16.90764956 ], [ -62.17777, -16.91271261 ], [ -62.18007339, -16.91409451 ], [ -62.17828926, -16.91683007 ], [ -62.17673954, -16.91388204 ], [ -62.17319576, -16.91478417 ], [ -62.17141094, -16.91621834 ], [ -62.17411807, -16.91648166 ], [ -62.16750927, -16.91984375 ], [ -62.16727631, -16.92206908 ], [ -62.16051908, -16.92336623 ], [ -62.15696343, -16.92724373 ], [ -62.15295287, -16.92544324 ], [ -62.15710494, -16.93152226 ], [ -62.1544399, -16.93011372 ], [ -62.15255088, -16.93184387 ], [ -62.15137466, -16.92862073 ], [ -62.14953741, -16.92818498 ], [ -62.1495205, -16.93109852 ], [ -62.14543626, -16.93336384 ], [ -62.13762199, -16.93162667 ], [ -62.13714096, -16.93502196 ], [ -62.13188423, -16.93575605 ], [ -62.13032706, -16.93788954 ], [ -62.13043131, -16.94042363 ], [ -62.13493164, -16.93872696 ], [ -62.13508531, -16.94332664 ], [ -62.13293634, -16.94219104 ], [ -62.12855053, -16.94321182 ], [ -62.12727131, -16.94703145 ], [ -62.12242328, -16.94938264 ], [ -62.12343047, -16.95218786 ], [ -62.12045606, -16.95322361 ], [ -62.11712064, -16.95112574 ], [ -62.11726575, -16.94662932 ], [ -62.11454486, -16.95014124 ], [ -62.1112734, -16.95006493 ], [ -62.10960296, -16.95429075 ], [ -62.11498038, -16.95395874 ], [ -62.11641485, -16.95554181 ], [ -62.11360532, -16.95773238 ], [ -62.1102536, -16.95738786 ], [ -62.1073391, -16.96182516 ], [ -62.11228648, -16.95996896 ], [ -62.11340665, -16.96654517 ], [ -62.11710562, -16.96562956 ], [ -62.11951267, -16.96761127 ], [ -62.10978631, -16.96741297 ], [ -62.10598725, -16.96986711 ], [ -62.10425679, -16.96930479 ], [ -62.10084325, -16.97366297 ], [ -62.09706406, -16.97432755 ], [ -62.09784052, -16.97893683 ], [ -62.09683564, -16.97946067 ], [ -62.09582866, -16.9766902 ], [ -62.08612692, -16.98565783 ], [ -62.08140514, -16.98627598 ], [ -62.07827315, -16.98868385 ], [ -62.07935888, -16.98676494 ], [ -62.07696021, -16.98737763 ], [ -62.07614416, -16.98585106 ], [ -62.07432798, -16.98726976 ], [ -62.0719308, -16.98401349 ], [ -62.07096952, -16.98647929 ], [ -62.06691331, -16.98591587 ], [ -62.06424476, -16.9875093 ], [ -62.06361053, -16.98640792 ], [ -62.06028765, -16.98889574 ], [ -62.05932463, -16.98701974 ], [ -62.05422115, -16.9912218 ], [ -62.05889861, -16.9941192 ], [ -62.05679602, -16.99685474 ], [ -62.05372419, -16.99336653 ], [ -62.0483516, -16.99734924 ], [ -62.04864464, -16.99415582 ], [ -62.04455715, -16.99613832 ], [ -62.03965019, -16.99342904 ], [ -62.03910714, -16.99658309 ], [ -62.04202862, -16.99617156 ], [ -62.03993281, -16.99808608 ], [ -62.04256481, -16.99927464 ], [ -62.03749347, -17.00136536 ], [ -62.03450375, -16.99691343 ], [ -62.02696348, -16.99564773 ], [ -62.02709653, -16.996726 ], [ -62.02930195, -16.99606192 ], [ -62.03039138, -16.99840242 ], [ -62.02738821, -16.99989192 ], [ -62.02450465, -16.99457964 ], [ -62.0244282, -16.9987318 ], [ -62.02230298, -16.99746889 ], [ -62.02058837, -16.99209987 ], [ -62.01665337, -16.99265961 ], [ -62.02004678, -16.98919761 ], [ -62.02342108, -16.98860309 ], [ -62.02084019, -16.98581437 ], [ -62.01423579, -16.98761129 ], [ -62.00835229, -16.99274625 ], [ -62.01140877, -16.99468663 ], [ -62.01166272, -16.99746497 ], [ -62.00766348, -16.99465882 ], [ -62.00486905, -16.99640853 ], [ -62.00553485, -16.99854831 ], [ -62.00357723, -16.99759501 ], [ -62.00038545, -16.99894148 ], [ -62.00365282, -16.99994308 ], [ -61.99960794, -17.00209236 ], [ -62.00056052, -17.00326462 ], [ -62.00772922, -17.00315568 ], [ -62.00706961, -17.004981 ], [ -62.00422993, -17.00478594 ], [ -62.00487635, -17.00751928 ], [ -62.00056093, -17.00465419 ], [ -62.00013285, -17.00709807 ], [ -61.99719299, -17.00649164 ], [ -61.99711698, -17.00809155 ], [ -62.00001432, -17.00908157 ], [ -61.99733586, -17.01262677 ], [ -61.99549869, -17.01029533 ], [ -61.99574025, -17.01310027 ], [ -61.9934646, -17.01450718 ], [ -61.99001911, -17.01250603 ], [ -61.98823507, -17.01286795 ], [ -61.98744359, -17.01443827 ], [ -61.99005592, -17.01319575 ], [ -61.9905053, -17.01499341 ], [ -61.98491349, -17.01795798 ], [ -61.98842369, -17.01796895 ], [ -61.98818217, -17.02020555 ], [ -61.98311053, -17.02181306 ], [ -61.9798919, -17.02030075 ], [ -61.98203395, -17.02365515 ], [ -61.97564504, -17.0241565 ], [ -61.97762862, -17.02685311 ], [ -61.9722432, -17.02900521 ], [ -61.97416139, -17.03131121 ], [ -61.96749156, -17.03803108 ], [ -62.18040759, -17.02710287 ], [ -62.32720946, -17.04117702 ], [ -62.327465, -17.03641526 ], [ -62.3236864, -17.03237523 ], [ -62.32362003, -17.02838378 ], [ -62.32565311, -17.02522896 ], [ -62.323905, -17.01893992 ], [ -62.32922269, -17.0134646 ], [ -62.32923163, -17.00703198 ], [ -62.33172605, -17.00075318 ], [ -62.33382594, -16.99942052 ], [ -62.33032238, -16.98847562 ], [ -62.33525621, -16.98532165 ], [ -62.34080829, -16.97504736 ], [ -62.33527213, -16.96530434 ], [ -62.33428329, -16.95775269 ], [ -62.33601923, -16.95263519 ], [ -62.33486397, -16.95043571 ], [ -62.33821047, -16.94569626 ], [ -62.34186855, -16.94543228 ], [ -62.34443141, -16.9422727 ], [ -62.34797311, -16.93285266 ], [ -62.34653561, -16.93100745 ], [ -62.35041695, -16.92944084 ], [ -62.34798631, -16.92416354 ], [ -62.35120563, -16.92199612 ], [ -62.35472157, -16.91613081 ], [ -62.36571, -16.91451898 ], [ -62.36276954, -16.90572216 ], [ -62.36067259, -16.90402057 ], [ -62.3640155, -16.90159855 ], [ -62.3627299, -16.89836561 ], [ -62.36638395, -16.89474072 ], [ -62.36899593, -16.89565297 ], [ -62.37112066, -16.8944047 ], [ -62.37508797, -16.87272018 ], [ -62.38331256, -16.86596924 ], [ -62.3888296, -16.85821357 ], [ -62.39153015, -16.84909557 ], [ -62.39227365, -16.83434346 ], [ -62.38844629, -16.82950928 ], [ -62.38878143, -16.82793648 ], [ -62.38416438, -16.82507381 ], [ -62.38552771, -16.82062075 ], [ -62.38975756, -16.81644315 ], [ -62.39362307, -16.81958084 ], [ -62.39673748, -16.81984866 ], [ -62.39939076, -16.81883536 ], [ -62.39742321, -16.81696449 ], [ -62.40301104, -16.81715745 ], [ -62.40395089, -16.81508776 ], [ -62.4066407, -16.81674826 ], [ -62.40819149, -16.81264396 ], [ -62.40899289, -16.81675141 ], [ -62.41127356, -16.8170995 ], [ -62.41124102, -16.81109891 ], [ -62.41788632, -16.81188598 ], [ -62.42163406, -16.80861255 ], [ -62.41983019, -16.80620622 ], [ -62.42195406, -16.80295372 ], [ -62.41814421, -16.79988919 ], [ -62.41716362, -16.79581604 ], [ -62.42432829, -16.79906885 ], [ -62.42712595, -16.79361039 ], [ -62.42564944, -16.79217589 ], [ -62.42638674, -16.78959937 ], [ -62.42441937, -16.78884321 ], [ -62.42730433, -16.78802126 ], [ -62.42901937, -16.78496573 ], [ -62.42312747, -16.78311314 ], [ -62.4235441, -16.78007717 ], [ -62.42143083, -16.77943036 ], [ -62.42515444, -16.77721504 ], [ -62.42772157, -16.7783915 ], [ -62.42740889, -16.77331847 ], [ -62.43047129, -16.77104297 ], [ -62.4261782, -16.77074038 ], [ -62.42497101, -16.76775571 ], [ -62.42615671, -16.76592013 ], [ -62.42058203, -16.7673179 ], [ -62.42136374, -16.76379431 ], [ -62.42866561, -16.7636019 ], [ -62.42703572, -16.76139377 ], [ -62.42057057, -16.7615796 ], [ -62.42068969, -16.75861493 ], [ -62.42452884, -16.75868649 ], [ -62.42641227, -16.76035384 ], [ -62.42701675, -16.75810041 ], [ -62.42258607, -16.75547834 ], [ -62.42266085, -16.75260794 ], [ -62.41936682, -16.75337446 ], [ -62.41885261, -16.75107328 ], [ -62.42488053, -16.75160998 ], [ -62.4275272, -16.74628566 ], [ -62.43096506, -16.7456131 ], [ -62.430725, -16.74279467 ], [ -62.43307756, -16.7453971 ], [ -62.43473223, -16.74438949 ], [ -62.4304743, -16.74147006 ], [ -62.42619788, -16.73486383 ], [ -62.43345228, -16.73505607 ], [ -62.43488402, -16.7330076 ], [ -62.43000542, -16.73067299 ], [ -62.43045635, -16.72379865 ], [ -62.42603493, -16.71767872 ], [ -62.42645169, -16.71565478 ], [ -62.42293035, -16.71369497 ], [ -62.42771565, -16.71347083 ], [ -62.42862449, -16.71748635 ], [ -62.43006867, -16.7178562 ], [ -62.43121152, -16.71201423 ], [ -62.43399115, -16.71021166 ], [ -62.43204239, -16.70872425 ], [ -62.42887195, -16.71074611 ], [ -62.4274659, -16.7095012 ], [ -62.43027821, -16.70679091 ], [ -62.42682754, -16.68744745 ], [ -62.4285918, -16.65075646 ], [ -62.43219029, -16.6257006 ], [ -62.41091879, -16.64009249 ], [ -62.38802621, -16.64493311 ], [ -62.36963612, -16.64598589 ], [ -62.35068063, -16.64426571 ], [ -62.33115482, -16.64143416 ], [ -62.31565938, -16.63639849 ], [ -62.30705912, -16.63138481 ], [ -62.29712745, -16.62003931 ], [ -62.27492903, -16.58247016 ], [ -62.26890862, -16.56448883 ], [ -62.26745243, -16.55141544 ], [ -62.26876071, -16.55017788 ], [ -62.27487153, -16.55122543 ], [ -62.2751348, -16.55393625 ], [ -62.27272998, -16.55674946 ], [ -62.27704274, -16.55857734 ], [ -62.27590996, -16.5559466 ], [ -62.27983902, -16.55242174 ], [ -62.27713297, -16.54767702 ], [ -62.27764435, -16.54598873 ], [ -62.2817903, -16.54803468 ], [ -62.28473051, -16.5444979 ], [ -62.28717361, -16.54722088 ], [ -62.28892112, -16.54082363 ], [ -62.29111179, -16.53922768 ], [ -62.29342248, -16.53936616 ], [ -62.2931234, -16.54192123 ], [ -62.29612843, -16.54342151 ], [ -62.29802133, -16.54188284 ], [ -62.29676991, -16.54044676 ], [ -62.29985382, -16.53890838 ], [ -62.29837428, -16.53432502 ], [ -62.30688839, -16.5317196 ], [ -62.30918545, -16.52926201 ], [ -62.31159205, -16.53053744 ], [ -62.31630684, -16.52826398 ], [ -62.32151413, -16.53215861 ], [ -62.32537104, -16.52949429 ], [ -62.32642958, -16.52751878 ], [ -62.32390328, -16.52546244 ], [ -62.32246346, -16.52724262 ], [ -62.32015861, -16.52169309 ], [ -62.32593588, -16.52000669 ], [ -62.32912825, -16.52094892 ], [ -62.33010341, -16.51905377 ], [ -62.32589241, -16.51646493 ], [ -62.32192899, -16.51626691 ], [ -62.32041792, -16.51429731 ], [ -62.31483347, -16.51552549 ], [ -62.31411694, -16.51252747 ], [ -62.32126784, -16.51048713 ], [ -62.32183926, -16.5132132 ], [ -62.32422819, -16.51348229 ], [ -62.32882187, -16.50922138 ], [ -62.33163291, -16.51113279 ], [ -62.33220773, -16.51426418 ], [ -62.33434788, -16.5143548 ], [ -62.33546376, -16.51322121 ], [ -62.33379451, -16.50974557 ], [ -62.33537113, -16.5083679 ], [ -62.34035704, -16.51435064 ], [ -62.34063556, -16.50963572 ], [ -62.34511016, -16.50593728 ], [ -62.34268053, -16.50554667 ], [ -62.33815306, -16.49897983 ], [ -62.34116021, -16.4905869 ], [ -62.33519419, -16.47798203 ], [ -62.33599038, -16.46072874 ], [ -62.33172787, -16.45034413 ], [ -62.3320591, -16.44666358 ], [ -62.33068217, -16.44601858 ], [ -62.33069131, -16.43570974 ], [ -62.32338264, -16.4254481 ], [ -62.32398945, -16.41950581 ], [ -62.31564078, -16.39607662 ], [ -62.31471539, -16.36978122 ], [ -62.30937584, -16.36404818 ], [ -62.30387873, -16.36439806 ], [ -62.29891796, -16.35325329 ], [ -62.29745461, -16.35230891 ], [ -62.29215998, -16.35358984 ], [ -62.29097089, -16.34765686 ], [ -62.28852027, -16.34578008 ], [ -62.28999274, -16.3132164 ], [ -62.28796861, -16.30965597 ], [ -62.28995405, -16.30623573 ], [ -62.28485605, -16.29953299 ], [ -62.28848182, -16.26564639 ], [ -62.28640285, -16.26689368 ], [ -62.28174617, -16.26570877 ], [ -62.27182688, -16.25532679 ], [ -62.27373788, -16.25162712 ], [ -62.27882982, -16.24907607 ], [ -62.27952075, -16.24523731 ], [ -62.28371869, -16.24029021 ], [ -62.28226957, -16.23710267 ], [ -62.28694506, -16.23720871 ], [ -62.2861838, -16.23255411 ], [ -62.29730151, -16.21444661 ], [ -62.29568178, -16.20992952 ], [ -62.29772906, -16.20627524 ], [ -62.29245731, -16.20584648 ], [ -62.29657929, -16.20372987 ], [ -62.29389949, -16.20274184 ], [ -62.29629791, -16.19321984 ], [ -62.29261741, -16.19171515 ], [ -62.29625979, -16.18845198 ], [ -62.2988972, -16.17938859 ], [ -62.29487254, -16.17807849 ], [ -62.29526963, -16.17562617 ], [ -62.29264809, -16.17409951 ], [ -62.29743778, -16.16972497 ], [ -62.30160738, -16.17087533 ], [ -62.30538617, -16.16929743 ], [ -62.30296099, -16.16558589 ], [ -62.3090545, -16.16120399 ], [ -62.31355036, -16.16116037 ], [ -62.31292728, -16.1587007 ], [ -62.31483366, -16.15474186 ], [ -62.31859171, -16.15415853 ], [ -62.31869988, -16.1490878 ], [ -62.32363421, -16.14830709 ], [ -62.32450423, -16.14686424 ], [ -62.3244595, -16.14407489 ], [ -62.31789701, -16.1404032 ], [ -62.31908002, -16.13895997 ], [ -62.3168832, -16.13534783 ], [ -62.3210622, -16.13389385 ], [ -62.3193175, -16.12992217 ], [ -62.3141986, -16.1312919 ], [ -62.31496568, -16.12413978 ], [ -62.31312651, -16.1215875 ], [ -62.31511627, -16.11720745 ], [ -62.32244253, -16.11757091 ], [ -62.32345345, -16.11557103 ], [ -62.33228353, -16.1129522 ], [ -62.33041905, -16.11033693 ], [ -62.33166085, -16.10613754 ], [ -62.33743167, -16.10753006 ], [ -62.33870779, -16.10316963 ], [ -62.34345586, -16.1037996 ], [ -62.34570306, -16.09969674 ], [ -62.34260443, -16.09598864 ], [ -62.34657154, -16.09653323 ], [ -62.34828369, -16.09944798 ], [ -62.35141936, -16.10019382 ], [ -62.35216313, -16.09629648 ], [ -62.35560259, -16.0932056 ], [ -62.3498981, -16.08487901 ], [ -62.35501534, -16.08334842 ], [ -62.35616784, -16.08156037 ], [ -62.35543279, -16.07726075 ], [ -62.35995381, -16.07549676 ], [ -62.36147916, -16.07124574 ], [ -62.35900041, -16.06767097 ], [ -62.36678219, -16.06763552 ], [ -62.36852994, -16.06591179 ], [ -62.37075219, -16.06707752 ], [ -62.37717998, -16.06467489 ], [ -62.37851094, -16.0610261 ], [ -62.37624071, -16.05827652 ], [ -62.37637101, -16.05514141 ], [ -62.37055897, -16.04763651 ], [ -62.37605772, -16.04698122 ], [ -62.3787465, -16.04383479 ], [ -62.38270922, -16.04247636 ], [ -62.38397006, -16.03939003 ], [ -62.38875674, -16.03836622 ], [ -62.38777791, -16.0364335 ], [ -62.37789375, -16.03676125 ], [ -62.37767195, -16.03272183 ], [ -62.37231094, -16.03164261 ], [ -62.37411718, -16.02844361 ], [ -62.38120996, -16.02716992 ], [ -62.37944961, -16.01859536 ], [ -62.39861556, -16.00767235 ], [ -62.40310207, -15.99972981 ], [ -62.41161107, -15.99472987 ], [ -62.41486668, -15.98742016 ], [ -62.41971691, -15.98411156 ], [ -62.41909027, -15.97632245 ], [ -62.42287893, -15.96592796 ], [ -62.41386308, -15.9534362 ], [ -62.40932951, -15.95073924 ], [ -62.40968397, -15.94734275 ], [ -62.40699386, -15.94619784 ], [ -62.41173363, -15.9425707 ], [ -62.42088273, -15.94116974 ], [ -62.42444156, -15.93421752 ], [ -62.42886257, -15.93236369 ], [ -62.42544047, -15.9243463 ], [ -62.41921971, -15.92047718 ], [ -62.42548757, -15.90776861 ], [ -62.43366886, -15.90474158 ], [ -62.43349214, -15.90075212 ], [ -62.43812719, -15.90046087 ], [ -62.44088805, -15.89851145 ], [ -62.44152559, -15.89441792 ], [ -62.43718675, -15.88958346 ], [ -62.43644504, -15.88607788 ], [ -62.44257478, -15.88692044 ], [ -62.44766471, -15.88139664 ], [ -62.45488793, -15.88484279 ], [ -62.46078855, -15.87945799 ], [ -62.46848067, -15.88325371 ], [ -62.47245711, -15.88321793 ], [ -62.47406111, -15.8804462 ], [ -62.48142068, -15.87972076 ], [ -62.48778848, -15.87497334 ], [ -62.49423606, -15.87577721 ], [ -62.504969, -15.8738398 ], [ -62.51717372, -15.86783726 ], [ -62.52231767, -15.86999346 ], [ -62.53509816, -15.86732625 ], [ -62.55171557, -15.86135363 ], [ -62.55794093, -15.86116429 ], [ -62.57127903, -15.85150022 ], [ -62.58058957, -15.85870518 ], [ -62.58652329, -15.84828455 ], [ -62.59433467, -15.8474122 ], [ -62.59686397, -15.84967401 ], [ -62.59966667, -15.84826431 ], [ -62.60776199, -15.85012072 ], [ -62.61203685, -15.84722001 ], [ -62.61600614, -15.84676668 ], [ -62.62171442, -15.85063962 ], [ -62.63049979, -15.84223275 ], [ -62.637387, -15.84684843 ], [ -62.64684067, -15.8462015 ], [ -62.65199443, -15.84991554 ], [ -62.65671398, -15.84366829 ], [ -62.66022268, -15.84182097 ], [ -62.6623511, -15.84204888 ], [ -62.66586, -15.84706263 ], [ -62.67373722, -15.8482088 ], [ -62.68188624, -15.84579535 ], [ -62.68466048, -15.84741644 ], [ -62.69292409, -15.8456316 ], [ -62.70206083, -15.84795761 ], [ -62.70417321, -15.85134056 ], [ -62.71346537, -15.84218982 ], [ -62.71877639, -15.84178128 ], [ -62.72287877, -15.84532384 ], [ -62.72844674, -15.84316359 ], [ -62.73338468, -15.84493274 ], [ -62.74401769, -15.84183571 ], [ -62.74771909, -15.84824654 ], [ -62.75056256, -15.84921359 ], [ -62.75710644, -15.84825727 ], [ -62.76855985, -15.84220598 ], [ -62.87635112, -15.03423557 ], [ -62.8787133, -15.02628376 ], [ -62.87782755, -15.00091235 ], [ -62.87911617, -14.99591383 ], [ -62.87423592, -14.98964118 ], [ -62.86403223, -14.98969931 ], [ -62.86192883, -14.98477082 ], [ -62.86265543, -14.98086788 ], [ -62.86910694, -14.98016778 ], [ -62.86397967, -14.96967601 ], [ -62.86693452, -14.95151678 ], [ -62.86701075, -14.93902216 ], [ -62.86050155, -14.93716762 ], [ -62.8553541, -14.9278327 ], [ -62.85163692, -14.92588198 ], [ -62.85025855, -14.92146591 ], [ -62.84703561, -14.91753556 ], [ -62.84459817, -14.91703263 ], [ -62.83703605, -14.90556057 ], [ -62.83239804, -14.90453115 ], [ -62.82899303, -14.90568603 ], [ -62.82650005, -14.89864808 ], [ -62.82148505, -14.89865437 ], [ -62.81871502, -14.89679398 ], [ -62.81373233, -14.88455864 ], [ -62.80915175, -14.88067154 ], [ -62.80661794, -14.86938039 ], [ -62.80105083, -14.86188556 ], [ -62.80033246, -14.85433903 ], [ -62.80554872, -14.84549701 ], [ -62.80844686, -14.83656558 ], [ -62.80827165, -14.8285582 ], [ -62.80996675, -14.82234339 ], [ -62.81636416, -14.81349966 ], [ -62.82156089, -14.80919028 ], [ -62.82403059, -14.79894756 ], [ -62.82787625, -14.79245374 ], [ -62.82856561, -14.77712791 ], [ -62.82686163, -14.77579547 ], [ -62.82574278, -14.7698602 ], [ -62.8295667, -14.76525322 ], [ -62.83139459, -14.75300928 ], [ -62.83651268, -14.74423559 ], [ -62.83896913, -14.74275967 ], [ -62.84014437, -14.73783384 ], [ -62.84401379, -14.73255924 ], [ -62.84480981, -14.72701261 ], [ -62.842395, -14.72420858 ], [ -62.84408712, -14.71714205 ], [ -62.85038229, -14.70601933 ], [ -62.85215237, -14.70422206 ], [ -62.85550821, -14.70403329 ], [ -62.85458361, -14.70203266 ], [ -62.85930069, -14.69526089 ], [ -62.86583983, -14.6902582 ], [ -62.86911558, -14.68406357 ], [ -62.8717138, -14.68316234 ], [ -62.87154177, -14.67876755 ], [ -62.8739668, -14.67278119 ], [ -62.87324521, -14.66440636 ], [ -62.8752501, -14.66198725 ], [ -62.87399363, -14.65929687 ], [ -62.87998488, -14.65233866 ], [ -62.87669858, -14.65112402 ], [ -62.87933372, -14.64377963 ], [ -62.87852647, -14.64124966 ], [ -62.88076361, -14.63639101 ], [ -62.88272575, -14.63707835 ], [ -62.88503594, -14.63369224 ], [ -62.88674757, -14.62533669 ], [ -62.89742673, -14.61084619 ], [ -62.90011723, -14.60918512 ], [ -62.899888, -14.59901468 ], [ -62.90148709, -14.59457102 ], [ -62.89893493, -14.59402284 ], [ -62.8977028, -14.59172371 ], [ -62.89837835, -14.58587787 ], [ -62.89612865, -14.58240679 ], [ -62.89775087, -14.57768698 ], [ -62.8962673, -14.56590774 ], [ -62.89909061, -14.55911502 ], [ -62.90260784, -14.5578898 ], [ -62.90536405, -14.55353628 ], [ -62.90518341, -14.54430917 ], [ -62.9067631, -14.54269583 ], [ -62.90532076, -14.5416857 ], [ -62.90878744, -14.5386656 ], [ -62.9097734, -14.53512029 ], [ -62.91777068, -14.53002159 ], [ -62.91937094, -14.52675133 ], [ -62.92456453, -14.52568403 ], [ -62.92765104, -14.52162881 ], [ -62.93772431, -14.51585852 ], [ -62.9373339, -14.50888685 ], [ -62.94169374, -14.49932944 ], [ -62.94422369, -14.4984105 ], [ -62.94346857, -14.49386006 ], [ -62.95116979, -14.48911517 ], [ -62.95145296, -14.48213812 ], [ -62.94925245, -14.48181354 ], [ -62.95178746, -14.47787669 ], [ -62.95103753, -14.4761574 ], [ -62.95271401, -14.47529413 ], [ -62.94952573, -14.47154504 ], [ -62.94474769, -14.47096842 ], [ -62.94659814, -14.46940886 ], [ -62.94299279, -14.46334296 ], [ -62.944712, -14.46282045 ], [ -62.94416095, -14.45974124 ], [ -62.93989912, -14.45414179 ], [ -62.93763552, -14.45455427 ], [ -62.93684017, -14.45299649 ], [ -62.93984631, -14.44661546 ], [ -62.94228474, -14.44482025 ], [ -62.94115264, -14.44266718 ], [ -62.94466673, -14.43980305 ], [ -62.94886279, -14.44128284 ], [ -62.95044236, -14.43866698 ], [ -62.94873444, -14.43564467 ], [ -62.94614413, -14.43642858 ], [ -62.94468793, -14.43492307 ], [ -62.94579355, -14.43447536 ], [ -62.94451066, -14.43375082 ], [ -62.94378473, -14.4274047 ], [ -62.94730206, -14.42488576 ], [ -62.94667957, -14.42406297 ], [ -62.95049511, -14.42531612 ], [ -62.94899313, -14.42394916 ], [ -62.95129588, -14.42277661 ], [ -62.94868492, -14.41688557 ], [ -62.95116057, -14.41414617 ], [ -62.95015647, -14.41295869 ], [ -62.95291239, -14.40991741 ], [ -62.95608045, -14.41023283 ], [ -62.95672498, -14.40859248 ], [ -62.95844987, -14.40866828 ], [ -62.96217889, -14.39459211 ], [ -62.96662969, -14.39335304 ], [ -62.97027215, -14.38470979 ], [ -62.96595538, -14.38058446 ], [ -62.97257966, -14.37946279 ], [ -62.97460881, -14.37700359 ], [ -62.97376435, -14.37526225 ], [ -62.97601665, -14.37383673 ], [ -62.97369721, -14.37332938 ], [ -62.97317361, -14.37064125 ], [ -62.9745272, -14.36908617 ], [ -62.97345212, -14.36787644 ], [ -62.9833368, -14.36239606 ], [ -62.98391427, -14.35659 ], [ -62.98208491, -14.3532238 ], [ -62.98586631, -14.35355598 ], [ -62.98620425, -14.34970873 ], [ -62.98790271, -14.34955439 ], [ -62.98925797, -14.34543533 ], [ -62.9967697, -14.343658 ], [ -62.99472788, -14.33590782 ], [ -63.0001244, -14.32431822 ], [ -63.00924649, -14.31509294 ], [ -63.00861618, -14.31186416 ], [ -63.01248371, -14.31185873 ], [ -63.01411655, -14.3100924 ], [ -63.01388201, -14.30716898 ], [ -63.0107448, -14.30295649 ], [ -63.01275821, -14.30098953 ], [ -63.01601375, -14.30090502 ], [ -63.01461535, -14.29706594 ], [ -63.02016018, -14.29400741 ], [ -63.02551767, -14.28657781 ], [ -63.02896088, -14.28796749 ], [ -63.03073131, -14.2835596 ], [ -63.03276773, -14.28446644 ], [ -63.03756196, -14.28256768 ], [ -63.03968449, -14.27680912 ], [ -63.0419875, -14.27870876 ], [ -63.04770573, -14.276526 ], [ -63.04697181, -14.27527267 ], [ -63.0518494, -14.26827146 ], [ -63.04905881, -14.26160529 ], [ -63.05087806, -14.25993372 ], [ -63.04861044, -14.25732208 ], [ -63.04959679, -14.25324611 ], [ -63.05143407, -14.25047135 ], [ -63.05320439, -14.25033922 ], [ -63.0515598, -14.24711703 ], [ -63.05351513, -14.23857398 ], [ -63.05736724, -14.23799287 ], [ -63.05811153, -14.23572906 ], [ -63.06101035, -14.2357761 ], [ -63.06012844, -14.2334859 ], [ -63.0665905, -14.2318665 ], [ -63.06868154, -14.23373947 ], [ -63.06924198, -14.23262209 ], [ -63.07158596, -14.23344164 ], [ -63.07527263, -14.23143227 ], [ -63.07606347, -14.22919214 ], [ -63.07980988, -14.22929864 ], [ -63.08610496, -14.2190782 ], [ -63.08937889, -14.22214248 ], [ -63.09276862, -14.22097865 ], [ -63.0931048, -14.21914495 ], [ -63.09474399, -14.21981501 ], [ -63.09773532, -14.21700309 ], [ -63.09573448, -14.21000847 ], [ -63.09420075, -14.21080955 ], [ -63.09427151, -14.20938259 ], [ -63.10072717, -14.20569082 ], [ -63.10326031, -14.20617699 ], [ -63.10283023, -14.20179197 ], [ -63.10479173, -14.2005034 ], [ -63.10302944, -14.19723517 ], [ -63.10129032, -14.19837968 ], [ -63.1004239, -14.19657264 ], [ -63.09822851, -14.19823854 ], [ -63.09909046, -14.1959535 ], [ -63.09619613, -14.19420581 ], [ -63.09712046, -14.19097924 ], [ -63.09510829, -14.19152161 ], [ -63.09495741, -14.1891973 ], [ -63.09266995, -14.18927544 ], [ -63.09371622, -14.18579798 ], [ -63.09069561, -14.18312862 ], [ -63.08989878, -14.17849502 ], [ -63.09431313, -14.17369244 ], [ -63.09104295, -14.17334094 ], [ -63.09272802, -14.17116114 ], [ -63.0884881, -14.16957559 ], [ -63.08965111, -14.16761727 ], [ -63.08779275, -14.16595512 ], [ -63.09052332, -14.16179213 ], [ -63.08973852, -14.15642308 ], [ -63.09311518, -14.15309807 ], [ -63.09325603, -14.14441052 ], [ -63.09602881, -14.13907572 ], [ -63.09890235, -14.13769661 ], [ -63.09622115, -14.13592932 ], [ -63.09759795, -14.13093987 ], [ -63.09514803, -14.13090046 ], [ -63.09524001, -14.12522367 ], [ -63.0917891, -14.12298416 ], [ -63.09044814, -14.119951 ], [ -63.08731186, -14.12010735 ], [ -63.08793345, -14.11374942 ], [ -63.08469035, -14.11468564 ], [ -63.08385637, -14.11084985 ], [ -62.13925884, -13.75960485 ], [ -62.14466883, -14.00700213 ], [ -62.14239403, -14.14185079 ], [ -62.14085124, -14.19844612 ], [ -62.1367934, -14.21574624 ], [ -62.12889077, -14.23322253 ], [ -62.12220053, -14.24274619 ], [ -62.09171427, -14.26789196 ], [ -62.06649954, -14.28631183 ], [ -62.03733704, -14.30347002 ], [ -61.98140506, -14.34229593 ], [ -61.96350429, -14.35243238 ], [ -61.93418677, -14.37394442 ], [ -61.89044098, -14.39500818 ], [ -61.77248869, -14.47920065 ], [ -61.7441903, -14.50401491 ], [ -61.73094718, -14.52625897 ], [ -61.70486741, -14.587079 ] ] ] } },
{ "type": "Feature", "properties": { "Municipio": "Departamento de Santa Cruz" }, "geometry": { "type": "MultiPolygon", "coordinates": [ [ [ [ -64.1115718, -18.97058062 ], [ -64.11958188, -18.97174172 ], [ -64.12386976, -18.96681798 ], [ -64.13002961, -18.96359596 ], [ -64.14007921, -18.96835154 ], [ -64.14584359, -18.96615936 ], [ -64.15208279, -18.96839822 ], [ -64.15937318, -18.9662574 ], [ -64.16904299, -18.96863542 ], [ -64.16990692, -18.96502218 ], [ -64.17661418, -18.95759865 ], [ -64.18491248, -18.96064969 ], [ -64.18802387, -18.95311787 ], [ -64.19644383, -18.94799855 ], [ -64.19420416, -18.94261141 ], [ -64.19622402, -18.93794028 ], [ -64.20071957, -18.93912054 ], [ -64.20179147, -18.93806554 ], [ -64.20170332, -18.9346196 ], [ -64.19717689, -18.92700579 ], [ -64.19810277, -18.92328502 ], [ -64.20270296, -18.91843821 ], [ -64.20024024, -18.91141374 ], [ -64.20785773, -18.90037556 ], [ -64.21435269, -18.89460492 ], [ -64.21527032, -18.89098689 ], [ -64.2132447, -18.88590088 ], [ -64.21499755, -18.88250338 ], [ -64.22017819, -18.87913956 ], [ -64.22480602, -18.87834326 ], [ -64.22335992, -18.87557931 ], [ -64.22443161, -18.86873969 ], [ -64.22851865, -18.86693484 ], [ -64.23332856, -18.85926427 ], [ -64.23921349, -18.85976938 ], [ -64.24234574, -18.85275244 ], [ -64.25160728, -18.8402 ], [ -64.26016342, -18.83875165 ], [ -64.26651, -18.83546368 ], [ -64.2681097, -18.8428698 ], [ -64.26942386, -18.84322364 ], [ -64.27207449, -18.84127466 ], [ -64.27324207, -18.8334063 ], [ -64.2814183, -18.83102621 ], [ -64.28827884, -18.82450498 ], [ -64.28930909, -18.81762802 ], [ -64.28360611, -18.81356671 ], [ -64.28741159, -18.80225945 ], [ -64.28417143, -18.79887559 ], [ -64.2842342, -18.79320932 ], [ -64.29434214, -18.77960939 ], [ -64.29440914, -18.77315113 ], [ -64.29744062, -18.7658843 ], [ -64.30360411, -18.76315656 ], [ -64.3147233, -18.76289733 ], [ -64.31802809, -18.75828871 ], [ -64.31685942, -18.75481018 ], [ -64.30828141, -18.75279442 ], [ -64.30676616, -18.75095076 ], [ -64.31414945, -18.74694246 ], [ -64.31507702, -18.74114129 ], [ -64.31889179, -18.73692226 ], [ -64.32123936, -18.72890198 ], [ -64.32096642, -18.7264206 ], [ -64.31574967, -18.72152732 ], [ -64.31464501, -18.71534755 ], [ -64.3082675, -18.7051109 ], [ -64.31093734, -18.70049465 ], [ -64.31156231, -18.69382695 ], [ -64.3092581, -18.6910012 ], [ -64.30905902, -18.6843452 ], [ -64.31216361, -18.68134059 ], [ -64.31507212, -18.67484822 ], [ -64.31041885, -18.67429626 ], [ -64.30892269, -18.67015036 ], [ -64.31602853, -18.66733961 ], [ -64.32518245, -18.66951245 ], [ -64.3293203, -18.66469124 ], [ -64.32544819, -18.66010412 ], [ -64.32489639, -18.65390156 ], [ -64.32166041, -18.65068001 ], [ -64.31858556, -18.64259458 ], [ -64.31409256, -18.64617265 ], [ -64.31113294, -18.64203391 ], [ -64.31107436, -18.63439701 ], [ -64.31446043, -18.62973432 ], [ -64.31423141, -18.62741854 ], [ -64.31012276, -18.62323129 ], [ -64.30585688, -18.6233214 ], [ -64.30510596, -18.61625351 ], [ -64.29924605, -18.61612458 ], [ -64.2966778, -18.61166869 ], [ -64.29478073, -18.61216537 ], [ -64.29379915, -18.61642405 ], [ -64.29118242, -18.61672414 ], [ -64.28938376, -18.61347194 ], [ -64.28967811, -18.60600764 ], [ -64.2837011, -18.60598802 ], [ -64.27766863, -18.60136579 ], [ -64.27784584, -18.59681035 ], [ -64.28517944, -18.59472518 ], [ -64.28687384, -18.59032028 ], [ -64.2924278, -18.58752153 ], [ -64.28853667, -18.57385477 ], [ -64.29038206, -18.56934837 ], [ -64.29592591, -18.56810129 ], [ -64.29781044, -18.56601043 ], [ -64.29432243, -18.55986805 ], [ -64.29990634, -18.55837877 ], [ -64.29447854, -18.55536891 ], [ -64.29225346, -18.55147476 ], [ -64.28867675, -18.5559527 ], [ -64.28617281, -18.55427704 ], [ -64.29194211, -18.54376251 ], [ -64.28942139, -18.53983004 ], [ -64.29226412, -18.53380117 ], [ -64.29771204, -18.53118444 ], [ -64.30104083, -18.5330961 ], [ -64.30352441, -18.53211171 ], [ -64.30338548, -18.53035891 ], [ -64.2979722, -18.5279047 ], [ -64.30011141, -18.52296796 ], [ -64.29969494, -18.51802709 ], [ -64.30342254, -18.51978137 ], [ -64.30543269, -18.51763145 ], [ -64.30692974, -18.50489909 ], [ -64.3042724, -18.5023964 ], [ -64.3037714, -18.49848399 ], [ -64.30598479, -18.49584613 ], [ -64.31078475, -18.49436232 ], [ -64.3119366, -18.4959863 ], [ -64.30853709, -18.49848799 ], [ -64.31146607, -18.50070411 ], [ -64.31575135, -18.49703163 ], [ -64.31793181, -18.4924228 ], [ -64.32139286, -18.49797956 ], [ -64.32305308, -18.49818958 ], [ -64.32710213, -18.49511895 ], [ -64.32967896, -18.48996325 ], [ -64.33506922, -18.48710242 ], [ -64.3352589, -18.4788988 ], [ -64.33911194, -18.47784407 ], [ -64.34304566, -18.47360541 ], [ -64.34942721, -18.47430552 ], [ -64.3540989, -18.472741 ], [ -64.35695759, -18.46869107 ], [ -64.36375684, -18.46833582 ], [ -64.36261023, -18.46473768 ], [ -64.370745, -18.46361124 ], [ -64.37509097, -18.45962467 ], [ -64.38180925, -18.45684573 ], [ -64.38416486, -18.45284849 ], [ -64.393164, -18.45038197 ], [ -64.40243945, -18.45138143 ], [ -64.41121983, -18.44212102 ], [ -64.41186553, -18.43853004 ], [ -64.41769637, -18.43292175 ], [ -64.42118885, -18.42489103 ], [ -64.42848648, -18.4174381 ], [ -64.42822099, -18.40929049 ], [ -64.43390602, -18.4030603 ], [ -64.43450999, -18.39959046 ], [ -64.43380917, -18.39645281 ], [ -64.4301382, -18.39500349 ], [ -64.43105448, -18.38464274 ], [ -64.42949926, -18.38016164 ], [ -64.43155492, -18.37450275 ], [ -64.43811655, -18.37241845 ], [ -64.44058095, -18.36955909 ], [ -64.44362781, -18.37082542 ], [ -64.44665789, -18.37513402 ], [ -64.4484395, -18.37385122 ], [ -64.44587958, -18.36776613 ], [ -64.44054735, -18.36550978 ], [ -64.44005715, -18.35979147 ], [ -64.44566419, -18.3570896 ], [ -64.44163354, -18.35411598 ], [ -64.44041603, -18.34755314 ], [ -64.43361463, -18.3363822 ], [ -64.43832376, -18.33011912 ], [ -64.44102695, -18.32790601 ], [ -64.44529786, -18.32723032 ], [ -64.44550753, -18.32540206 ], [ -64.45145702, -18.32691493 ], [ -64.45199891, -18.32364557 ], [ -64.4538845, -18.3226776 ], [ -64.45893282, -18.32440529 ], [ -64.46067402, -18.31921408 ], [ -64.46236777, -18.32093251 ], [ -64.46155333, -18.3239503 ], [ -64.4634271, -18.32371437 ], [ -64.4714028, -18.31181746 ], [ -64.46498948, -18.30867977 ], [ -64.46421856, -18.30473685 ], [ -64.47068934, -18.30399802 ], [ -64.47344944, -18.3009465 ], [ -64.47321847, -18.29605883 ], [ -64.48552586, -18.29414424 ], [ -64.48410176, -18.28514799 ], [ -64.48095485, -18.27922731 ], [ -64.48229077, -18.27283857 ], [ -64.48502162, -18.27149112 ], [ -64.48792303, -18.27324116 ], [ -64.48920701, -18.27086971 ], [ -64.48512637, -18.26883889 ], [ -64.48524466, -18.26623207 ], [ -64.48218273, -18.26117811 ], [ -64.48508137, -18.26129326 ], [ -64.48915411, -18.25559458 ], [ -64.490882, -18.24160079 ], [ -64.49487694, -18.2375266 ], [ -64.49294786, -18.23435635 ], [ -64.49694835, -18.23592406 ], [ -64.49929671, -18.23275018 ], [ -64.49735931, -18.22657819 ], [ -64.50098205, -18.22440455 ], [ -64.50184157, -18.21963934 ], [ -64.49674473, -18.21480977 ], [ -64.49712738, -18.212836 ], [ -64.50413109, -18.20460669 ], [ -64.50887841, -18.20267078 ], [ -64.50965426, -18.19893931 ], [ -64.5140338, -18.1970861 ], [ -64.50923865, -18.19264016 ], [ -64.50784502, -18.18841867 ], [ -64.51140782, -18.18449504 ], [ -64.51394898, -18.18502801 ], [ -64.52312558, -18.17958117 ], [ -64.52268711, -18.17520349 ], [ -64.51991059, -18.1712052 ], [ -64.52647371, -18.16594614 ], [ -64.52277415, -18.16265232 ], [ -64.52258301, -18.16068453 ], [ -64.52977283, -18.16003113 ], [ -64.52851787, -18.15751708 ], [ -64.5294799, -18.15587973 ], [ -64.53926038, -18.15192885 ], [ -64.54001671, -18.14402691 ], [ -64.54867476, -18.13492484 ], [ -64.55805363, -18.13712127 ], [ -64.56542006, -18.12351477 ], [ -64.57240545, -18.12235411 ], [ -64.57799031, -18.11851397 ], [ -64.58272097, -18.1173185 ], [ -64.58461511, -18.11215134 ], [ -64.58846093, -18.10932566 ], [ -64.59717616, -18.10837848 ], [ -64.60232977, -18.1052271 ], [ -64.6096661, -18.10354939 ], [ -64.61198738, -18.09682036 ], [ -64.61604711, -18.09384014 ], [ -64.62011987, -18.09678487 ], [ -64.62388869, -18.09416744 ], [ -64.62691993, -18.09673878 ], [ -64.632555, -18.09599559 ], [ -64.63772035, -18.1000176 ], [ -64.64432691, -18.10101608 ], [ -64.64556475, -18.10325857 ], [ -64.65476222, -18.10059591 ], [ -64.66645583, -18.1050176 ], [ -64.66997383, -18.10101035 ], [ -64.67885533, -18.10193007 ], [ -64.68203669, -18.09965552 ], [ -64.69134136, -18.09927188 ], [ -64.69392521, -18.09418878 ], [ -64.69701734, -18.09314909 ], [ -64.70120579, -18.08723983 ], [ -64.70637695, -18.08497666 ], [ -64.70970532, -18.08144641 ], [ -64.71138986, -18.07807303 ], [ -64.71129934, -18.07296957 ], [ -64.71340028, -18.07185195 ], [ -64.71429674, -18.07363547 ], [ -64.71561761, -18.07225786 ], [ -64.71440026, -18.06609748 ], [ -64.71918811, -18.06102962 ], [ -64.71560494, -18.05688797 ], [ -64.71658925, -18.04281086 ], [ -64.72021118, -18.04377141 ], [ -64.72535712, -18.04056651 ], [ -64.73449587, -18.03801997 ], [ -64.7369005, -18.03928496 ], [ -64.74711803, -18.02730851 ], [ -64.7503315, -18.01688611 ], [ -64.75358785, -18.01497548 ], [ -64.7633004, -18.0014786 ], [ -64.7667988, -17.98983998 ], [ -64.76581566, -17.98607627 ], [ -64.77002782, -17.98658264 ], [ -64.77426564, -17.98151503 ], [ -64.77798225, -17.98268501 ], [ -64.77995316, -17.97886888 ], [ -64.78326523, -17.98183865 ], [ -64.7826039, -17.97962762 ], [ -64.78506974, -17.97903514 ], [ -64.78643129, -17.97467543 ], [ -64.79614403, -17.96805159 ], [ -64.79883825, -17.9637451 ], [ -64.7994765, -17.95784136 ], [ -64.81725681, -17.9363317 ], [ -64.81907817, -17.9312618 ], [ -64.81897725, -17.91995237 ], [ -64.80823255, -17.89995139 ], [ -64.80638109, -17.89307017 ], [ -64.80106689, -17.85873623 ], [ -64.79433603, -17.8477782 ], [ -64.77716137, -17.82890284 ], [ -64.77740146, -17.82647756 ], [ -64.77369113, -17.81912643 ], [ -64.77442354, -17.81533294 ], [ -64.77765326, -17.81159399 ], [ -64.77471322, -17.80752796 ], [ -64.76329812, -17.77494379 ], [ -64.75621807, -17.75014024 ], [ -64.7527869, -17.74719594 ], [ -64.75132499, -17.74245128 ], [ -64.74647305, -17.73616964 ], [ -64.74002572, -17.73738927 ], [ -64.73239095, -17.73572095 ], [ -64.72937839, -17.73350269 ], [ -64.71531992, -17.73271623 ], [ -64.70540654, -17.72273381 ], [ -64.70506021, -17.71797578 ], [ -64.70192877, -17.71608141 ], [ -64.69896775, -17.71540581 ], [ -64.6878443, -17.71866985 ], [ -64.68221974, -17.71618308 ], [ -64.67438885, -17.71623047 ], [ -64.67049185, -17.71399695 ], [ -64.65889293, -17.71658971 ], [ -64.65202952, -17.71436874 ], [ -64.64845964, -17.70893218 ], [ -64.6398545, -17.70823731 ], [ -64.63934117, -17.70499411 ], [ -64.64194645, -17.70364626 ], [ -64.6401801, -17.70088781 ], [ -64.63978235, -17.6953135 ], [ -64.64227021, -17.68068541 ], [ -64.64025389, -17.67913127 ], [ -64.64097642, -17.67601202 ], [ -64.63867736, -17.6752484 ], [ -64.63556861, -17.66977524 ], [ -64.63333498, -17.66981802 ], [ -64.62954672, -17.66626084 ], [ -64.62748254, -17.65898637 ], [ -64.62460543, -17.65886451 ], [ -64.62107099, -17.66292687 ], [ -64.61651734, -17.66395209 ], [ -64.61428289, -17.65867839 ], [ -64.61408972, -17.65101229 ], [ -64.60167548, -17.64093149 ], [ -64.60166487, -17.63570411 ], [ -64.59741872, -17.63468329 ], [ -64.59123675, -17.61502755 ], [ -64.59216176, -17.60687882 ], [ -64.58852046, -17.60067796 ], [ -64.58390165, -17.60682461 ], [ -64.57508588, -17.60919861 ], [ -64.57219151, -17.60627091 ], [ -64.5709247, -17.59913658 ], [ -64.56642485, -17.59816328 ], [ -64.56239557, -17.5999931 ], [ -64.55490762, -17.59809095 ], [ -64.54924623, -17.59950796 ], [ -64.54386876, -17.59625965 ], [ -64.53682688, -17.59672348 ], [ -64.53339409, -17.59465721 ], [ -64.53074325, -17.59527916 ], [ -64.5301457, -17.59830141 ], [ -64.52564878, -17.6010385 ], [ -64.49541063, -17.60893189 ], [ -64.46736688, -17.60766213 ], [ -64.42538156, -17.58897838 ], [ -64.42132766, -17.56969192 ], [ -64.42962405, -17.5497582 ], [ -64.42993021, -17.54042175 ], [ -64.42452114, -17.53700683 ], [ -64.42531949, -17.5304059 ], [ -64.42800362, -17.52883747 ], [ -64.42743262, -17.52411622 ], [ -64.41573343, -17.5210521 ], [ -64.41151598, -17.51844022 ], [ -64.40917032, -17.51543378 ], [ -64.41087453, -17.50321651 ], [ -64.40980509, -17.49828953 ], [ -64.40761117, -17.49726631 ], [ -64.40752467, -17.49535873 ], [ -64.40388336, -17.49597837 ], [ -64.40129286, -17.49401268 ], [ -64.40109094, -17.48639386 ], [ -64.4072042, -17.47426986 ], [ -64.40583729, -17.46704264 ], [ -64.40277996, -17.46737887 ], [ -64.40025136, -17.46540392 ], [ -64.40692022, -17.45507838 ], [ -64.40652692, -17.45366524 ], [ -64.40194165, -17.45422201 ], [ -64.40158418, -17.45034386 ], [ -64.39925707, -17.44967849 ], [ -64.39318636, -17.4560665 ], [ -64.38663687, -17.45700375 ], [ -64.37343314, -17.45295241 ], [ -64.37141453, -17.44604399 ], [ -64.36598028, -17.44410953 ], [ -64.35811757, -17.44475066 ], [ -64.35827189, -17.44198066 ], [ -64.36220756, -17.44224746 ], [ -64.36238772, -17.44002268 ], [ -64.35885344, -17.43492846 ], [ -64.35734769, -17.43816917 ], [ -64.35559331, -17.43734204 ], [ -64.35386625, -17.43429115 ], [ -64.35350682, -17.42703557 ], [ -64.34903393, -17.42438923 ], [ -64.34305104, -17.42859148 ], [ -64.33938198, -17.42888468 ], [ -64.33538742, -17.42528665 ], [ -64.33522513, -17.42219991 ], [ -64.32265689, -17.42231726 ], [ -64.31594521, -17.42736265 ], [ -64.31160871, -17.43456713 ], [ -64.30671666, -17.43500204 ], [ -64.3034595, -17.4371983 ], [ -64.29703217, -17.43216542 ], [ -64.29155955, -17.43357037 ], [ -64.28552797, -17.42507073 ], [ -64.27436002, -17.42197401 ], [ -64.26475659, -17.42262589 ], [ -64.25989156, -17.42697977 ], [ -64.25658738, -17.4264636 ], [ -64.25432483, -17.42282606 ], [ -64.25845535, -17.41740291 ], [ -64.2540028, -17.41662542 ], [ -64.25341779, -17.4128699 ], [ -64.24904715, -17.41222592 ], [ -64.25379918, -17.40317413 ], [ -64.2424326, -17.39948061 ], [ -64.23815592, -17.3963859 ], [ -64.23617569, -17.39197161 ], [ -64.22864897, -17.38895352 ], [ -64.2274988, -17.38044795 ], [ -64.22334402, -17.37780614 ], [ -64.21978962, -17.372096 ], [ -64.21724464, -17.37154401 ], [ -64.21667829, -17.36632634 ], [ -64.21207069, -17.36215473 ], [ -64.21120795, -17.35676858 ], [ -64.20412875, -17.34960388 ], [ -64.19019281, -17.34202576 ], [ -64.18821693, -17.33800812 ], [ -64.19394951, -17.32844222 ], [ -64.19262229, -17.31873337 ], [ -64.19552698, -17.3166606 ], [ -64.20179389, -17.31559538 ], [ -64.21030788, -17.30863033 ], [ -64.21107006, -17.30619655 ], [ -64.21027429, -17.30275073 ], [ -64.20872468, -17.30237237 ], [ -64.20413138, -17.3097664 ], [ -64.19556716, -17.30652216 ], [ -64.1948118, -17.3041358 ], [ -64.2017301, -17.29737423 ], [ -64.20265373, -17.29459014 ], [ -64.20135773, -17.29181934 ], [ -64.19540877, -17.28720239 ], [ -64.20640431, -17.28177333 ], [ -64.21704614, -17.28403533 ], [ -64.21789585, -17.28028237 ], [ -64.21549359, -17.27293053 ], [ -64.22026262, -17.27199697 ], [ -64.22788786, -17.27582754 ], [ -64.2294801, -17.27252232 ], [ -64.22861121, -17.26731653 ], [ -64.23111459, -17.26356402 ], [ -64.23588723, -17.26474931 ], [ -64.23855566, -17.27117951 ], [ -64.24167295, -17.27200113 ], [ -64.24856376, -17.26999641 ], [ -64.25487953, -17.27278536 ], [ -64.25671448, -17.27585759 ], [ -64.25480533, -17.28243915 ], [ -64.25761453, -17.28510305 ], [ -64.26095556, -17.28387543 ], [ -64.26746308, -17.27632633 ], [ -64.27032834, -17.27697859 ], [ -64.2749776, -17.28338464 ], [ -64.27957902, -17.28281907 ], [ -64.28165278, -17.27999031 ], [ -64.28339728, -17.2699237 ], [ -64.29238164, -17.26758687 ], [ -64.30141106, -17.26176348 ], [ -64.30478623, -17.26549561 ], [ -64.30218967, -17.27328864 ], [ -64.30499747, -17.27568371 ], [ -64.32394844, -17.26596017 ], [ -64.33524205, -17.26856685 ], [ -64.33824749, -17.26736703 ], [ -64.33790823, -17.25128082 ], [ -64.33386919, -17.24841172 ], [ -64.32459127, -17.24654242 ], [ -64.32544899, -17.24160294 ], [ -64.33301609, -17.23063418 ], [ -64.32937846, -17.22139122 ], [ -64.33781413, -17.21867539 ], [ -64.33998374, -17.21248297 ], [ -64.34304985, -17.21177611 ], [ -64.35023008, -17.21995169 ], [ -64.35394087, -17.21948745 ], [ -64.35728957, -17.21638966 ], [ -64.35900849, -17.21703705 ], [ -64.35914991, -17.22856827 ], [ -64.36111802, -17.23201462 ], [ -64.3639751, -17.23199528 ], [ -64.36681029, -17.22511168 ], [ -64.36668536, -17.21588681 ], [ -64.36901209, -17.20983036 ], [ -64.37619034, -17.2069808 ], [ -64.38342673, -17.20045131 ], [ -64.39570955, -17.20031173 ], [ -64.39381356, -17.19126394 ], [ -64.38774561, -17.1858143 ], [ -64.38517572, -17.1859418 ], [ -64.38250908, -17.18843126 ], [ -64.37785518, -17.20032472 ], [ -64.37427777, -17.20331455 ], [ -64.3618732, -17.19856621 ], [ -64.35870774, -17.19540248 ], [ -64.35736213, -17.19107324 ], [ -64.36054663, -17.18512093 ], [ -64.36425789, -17.18482129 ], [ -64.37171068, -17.18834024 ], [ -64.37831356, -17.18505524 ], [ -64.38453431, -17.17650084 ], [ -64.39384675, -17.17660149 ], [ -64.39473692, -17.17341029 ], [ -64.38728941, -17.16005491 ], [ -64.39027168, -17.15557422 ], [ -64.39747504, -17.15723426 ], [ -64.40237793, -17.16143744 ], [ -64.407081, -17.15962067 ], [ -64.40782057, -17.15515536 ], [ -64.40469657, -17.15101429 ], [ -64.40004202, -17.14896518 ], [ -64.39633757, -17.14988284 ], [ -64.39330563, -17.14767367 ], [ -64.39479755, -17.14037842 ], [ -64.39834721, -17.13946187 ], [ -64.4013707, -17.14055598 ], [ -64.40944138, -17.14964321 ], [ -64.41537267, -17.14670266 ], [ -64.41935401, -17.14154559 ], [ -64.4222134, -17.14137682 ], [ -64.42503514, -17.14641177 ], [ -64.42604291, -17.15688596 ], [ -64.43015383, -17.15856661 ], [ -64.43365638, -17.15653474 ], [ -64.43570908, -17.15198571 ], [ -64.43026567, -17.13782626 ], [ -64.43431288, -17.13125608 ], [ -64.44119659, -17.13165317 ], [ -64.44736766, -17.13986029 ], [ -64.45403768, -17.14256283 ], [ -64.46052536, -17.14169838 ], [ -64.4622686, -17.13722571 ], [ -64.46573406, -17.13549093 ], [ -64.47329083, -17.13788906 ], [ -64.4882749, -17.13606966 ], [ -64.48855455, -17.13235091 ], [ -64.481249, -17.12749848 ], [ -64.4843406, -17.11766373 ], [ -64.47726237, -17.11214044 ], [ -64.47832282, -17.10938233 ], [ -64.48110019, -17.10869303 ], [ -64.48629491, -17.11066199 ], [ -64.49092026, -17.10906698 ], [ -64.49497716, -17.1040567 ], [ -64.49777106, -17.09578501 ], [ -64.50868763, -17.09415781 ], [ -64.51673461, -17.08590454 ], [ -64.51998293, -17.08627037 ], [ -64.5213699, -17.09055164 ], [ -64.51530505, -17.09306803 ], [ -64.5142401, -17.09515681 ], [ -64.51543309, -17.09905684 ], [ -64.53475004, -17.08967048 ], [ -64.54502968, -17.08998254 ], [ -64.54755268, -17.08613457 ], [ -64.54690772, -17.07995442 ], [ -64.53615595, -17.07145283 ], [ -64.53232992, -17.06653984 ], [ -64.52907242, -17.0650038 ], [ -64.52204838, -17.0658369 ], [ -64.51973524, -17.06403352 ], [ -64.51984413, -17.06078143 ], [ -64.52211824, -17.05777322 ], [ -64.54548746, -17.0552558 ], [ -64.54832561, -17.05727243 ], [ -64.55016657, -17.06523395 ], [ -64.55315168, -17.06651163 ], [ -64.55963148, -17.0652915 ], [ -64.56485866, -17.05978921 ], [ -64.57539605, -17.05879739 ], [ -64.57700307, -17.05696424 ], [ -64.57683514, -17.05306409 ], [ -64.56510722, -17.04093021 ], [ -64.56493959, -17.03703003 ], [ -64.56694124, -17.03389343 ], [ -64.57112187, -17.03269073 ], [ -64.57587143, -17.03486479 ], [ -64.58288543, -17.04105261 ], [ -64.58499093, -17.0502696 ], [ -64.59082148, -17.05230479 ], [ -64.59700224, -17.04707452 ], [ -64.60676106, -17.04490653 ], [ -64.60869875, -17.04019969 ], [ -64.60731921, -17.03695943 ], [ -64.60203967, -17.03609078 ], [ -64.5928919, -17.04136457 ], [ -64.58954421, -17.04164093 ], [ -64.58773537, -17.03906406 ], [ -64.58877505, -17.03411412 ], [ -64.59764125, -17.02754226 ], [ -64.60289617, -17.02555021 ], [ -64.60831724, -17.02719802 ], [ -64.61174986, -17.03341309 ], [ -64.61661489, -17.03324441 ], [ -64.61968464, -17.02866836 ], [ -64.61703605, -17.01932609 ], [ -64.62035423, -17.01694325 ], [ -64.6235555, -17.01700096 ], [ -64.62800376, -17.02121012 ], [ -64.62829998, -17.02545245 ], [ -64.62454044, -17.03089243 ], [ -64.62614649, -17.03653919 ], [ -64.63101198, -17.03891385 ], [ -64.63680315, -17.03828469 ], [ -64.64032758, -17.03567619 ], [ -64.64108762, -17.03259019 ], [ -64.64018188, -17.02153843 ], [ -64.63686415, -17.01565256 ], [ -64.62758171, -17.0114124 ], [ -64.62754905, -17.00763071 ], [ -64.63140105, -17.00493654 ], [ -64.64883967, -17.00809858 ], [ -64.65727049, -17.00360902 ], [ -64.66035869, -17.00539491 ], [ -64.66188948, -17.00948391 ], [ -64.67273289, -17.01488148 ], [ -64.68331918, -17.01932176 ], [ -64.68865544, -17.01722854 ], [ -64.69164617, -17.0020094 ], [ -64.68748769, -16.99777414 ], [ -64.67735923, -16.99938273 ], [ -64.67401375, -16.99742785 ], [ -64.67686681, -16.98855984 ], [ -64.68712725, -16.98405289 ], [ -64.6941062, -16.98475745 ], [ -64.69698722, -16.9879358 ], [ -64.69628542, -16.99800604 ], [ -64.70092088, -17.00238961 ], [ -64.70503285, -17.00144027 ], [ -64.70801616, -16.99836547 ], [ -64.70905773, -16.99088472 ], [ -64.70409448, -16.98528415 ], [ -64.69471538, -16.98200755 ], [ -64.69018855, -16.97198069 ], [ -64.6835365, -16.9723407 ], [ -64.67883593, -16.97832665 ], [ -64.675503, -16.97774409 ], [ -64.67388874, -16.97440252 ], [ -64.6760678, -16.96996233 ], [ -64.68945796, -16.96115983 ], [ -64.69558368, -16.95516186 ], [ -64.70063705, -16.95328993 ], [ -64.70638318, -16.95796919 ], [ -64.7047422, -16.96926722 ], [ -64.71030151, -16.97074558 ], [ -64.71519665, -16.9688746 ], [ -64.71817238, -16.96503731 ], [ -64.71758597, -16.96153498 ], [ -64.71214943, -16.95609101 ], [ -64.70859505, -16.94849626 ], [ -64.71235723, -16.94404252 ], [ -64.71489474, -16.94432621 ], [ -64.72368432, -16.95263916 ], [ -64.72813423, -16.95412643 ], [ -64.73445458, -16.95224296 ], [ -64.74089111, -16.94578365 ], [ -64.74691249, -16.94588472 ], [ -64.74785033, -16.94450431 ], [ -64.74687166, -16.94146291 ], [ -64.73830595, -16.94031608 ], [ -64.73574332, -16.93728809 ], [ -64.7394668, -16.92871704 ], [ -64.73832857, -16.92552446 ], [ -64.731356, -16.92527865 ], [ -64.72711106, -16.92882182 ], [ -64.72441951, -16.92899703 ], [ -64.72106523, -16.9259755 ], [ -64.72166144, -16.92185325 ], [ -64.72952447, -16.91553481 ], [ -64.73522533, -16.91533404 ], [ -64.73873941, -16.91850647 ], [ -64.74381936, -16.91968312 ], [ -64.74900569, -16.91521667 ], [ -64.74736272, -16.90882619 ], [ -64.74240782, -16.90398879 ], [ -64.73018846, -16.90150013 ], [ -64.72856849, -16.89754908 ], [ -64.7318138, -16.88867723 ], [ -64.73354478, -16.88744267 ], [ -64.73830013, -16.88785984 ], [ -64.74581513, -16.89557287 ], [ -64.75165413, -16.89769358 ], [ -64.75858887, -16.89525007 ], [ -64.76056491, -16.89216787 ], [ -64.75946271, -16.88774981 ], [ -64.74490702, -16.88208443 ], [ -64.73837454, -16.87691768 ], [ -64.73679307, -16.87159528 ], [ -64.73829459, -16.86817672 ], [ -64.74087477, -16.86667897 ], [ -64.74477047, -16.8672135 ], [ -64.75663538, -16.87528614 ], [ -64.76136394, -16.87660788 ], [ -64.76501564, -16.87623588 ], [ -64.76817671, -16.87382458 ], [ -64.76789868, -16.86928593 ], [ -64.76527655, -16.86624331 ], [ -64.7425922, -16.86110153 ], [ -64.74161582, -16.85747694 ], [ -64.74300136, -16.85428639 ], [ -64.74605181, -16.85267108 ], [ -64.75665619, -16.85201294 ], [ -64.76591223, -16.85851804 ], [ -64.77320007, -16.85618465 ], [ -64.77686299, -16.85706117 ], [ -64.77972517, -16.86055566 ], [ -64.7780216, -16.86749551 ], [ -64.77899449, -16.87066579 ], [ -64.78265133, -16.87086108 ], [ -64.78565046, -16.8637964 ], [ -64.78465622, -16.85835583 ], [ -64.77956056, -16.85556195 ], [ -64.7750174, -16.84878974 ], [ -64.76494489, -16.84320027 ], [ -64.76362615, -16.84082754 ], [ -64.76411928, -16.83586927 ], [ -64.77399031, -16.82819425 ], [ -64.77979105, -16.82615901 ], [ -64.78369237, -16.82846056 ], [ -64.78505985, -16.83206852 ], [ -64.77966746, -16.8388879 ], [ -64.7803932, -16.84374804 ], [ -64.78627144, -16.84490252 ], [ -64.79046889, -16.83996169 ], [ -64.79263844, -16.82569703 ], [ -64.78459936, -16.81525781 ], [ -64.78135918, -16.80582761 ], [ -64.78180482, -16.80162006 ], [ -64.78540859, -16.79808575 ], [ -64.79559063, -16.79799717 ], [ -64.79860669, -16.79645284 ], [ -64.80577241, -16.7850636 ], [ -64.81448442, -16.77704682 ], [ -64.81433774, -16.77436246 ], [ -64.81189497, -16.7723989 ], [ -64.8008594, -16.77179502 ], [ -64.79913518, -16.76889087 ], [ -64.79970931, -16.76549957 ], [ -64.80744693, -16.76344681 ], [ -64.81789601, -16.76615737 ], [ -64.82815651, -16.77447385 ], [ -64.83249052, -16.77139942 ], [ -64.83040367, -16.76231014 ], [ -64.83240241, -16.75587021 ], [ -64.83054222, -16.75144958 ], [ -64.82338576, -16.75081235 ], [ -64.81956449, -16.75680124 ], [ -64.81618455, -16.75823225 ], [ -64.81325835, -16.75638971 ], [ -64.81226344, -16.75371279 ], [ -64.81379129, -16.74867834 ], [ -64.82088219, -16.7424272 ], [ -64.82765587, -16.74108288 ], [ -64.83699649, -16.74205087 ], [ -64.83925289, -16.73724334 ], [ -64.83699459, -16.72920653 ], [ -64.82848052, -16.72589582 ], [ -64.81665813, -16.73148823 ], [ -64.80739294, -16.7320366 ], [ -64.79877701, -16.74367195 ], [ -64.79358486, -16.74570221 ], [ -64.78799634, -16.74423271 ], [ -64.78179202, -16.73517832 ], [ -64.78252304, -16.72256086 ], [ -64.78611676, -16.71809257 ], [ -64.80097172, -16.71282582 ], [ -64.8047808, -16.70555293 ], [ -64.80191647, -16.6972873 ], [ -64.78894845, -16.68385452 ], [ -64.78862801, -16.67544984 ], [ -64.78596473, -16.66701431 ], [ -64.7798504, -16.66103807 ], [ -64.77428488, -16.66155678 ], [ -64.7713033, -16.66676334 ], [ -64.77182398, -16.67024433 ], [ -64.7744003, -16.67020019 ], [ -64.77337043, -16.67690512 ], [ -64.77056328, -16.67922495 ], [ -64.76684095, -16.67916108 ], [ -64.75940347, -16.67439361 ], [ -64.75666157, -16.66867781 ], [ -64.75651144, -16.66293278 ], [ -64.76063844, -16.65470223 ], [ -64.75885809, -16.65236229 ], [ -64.74649496, -16.64681464 ], [ -64.73715795, -16.65169737 ], [ -64.73076762, -16.64741746 ], [ -64.73083404, -16.6439314 ], [ -64.73509601, -16.63975088 ], [ -64.74866458, -16.63822396 ], [ -64.75645794, -16.6356147 ], [ -64.75470788, -16.62583248 ], [ -64.75574575, -16.62177302 ], [ -64.76089196, -16.61824399 ], [ -64.76500465, -16.61924531 ], [ -64.76817146, -16.62364586 ], [ -64.76860627, -16.62844643 ], [ -64.76458294, -16.63724142 ], [ -64.76676266, -16.64051992 ], [ -64.78052884, -16.63927185 ], [ -64.78475381, -16.6312285 ], [ -64.78544568, -16.62151987 ], [ -64.78235711, -16.61504652 ], [ -64.75847352, -16.59942406 ], [ -64.75117306, -16.59157265 ], [ -64.74896444, -16.58499704 ], [ -64.75292836, -16.58044197 ], [ -64.74741337, -16.57549558 ], [ -64.74570111, -16.56976356 ], [ -64.7477089, -16.56494238 ], [ -64.75180166, -16.56387178 ], [ -64.75787848, -16.56617566 ], [ -64.76206286, -16.56444467 ], [ -64.76113256, -16.55343086 ], [ -64.76305843, -16.55040011 ], [ -64.76958971, -16.54902595 ], [ -64.77957007, -16.55101346 ], [ -64.78570883, -16.54945375 ], [ -64.78977839, -16.54593342 ], [ -64.78904268, -16.54028765 ], [ -64.77871896, -16.53274557 ], [ -64.77819707, -16.52907615 ], [ -64.78098228, -16.52396551 ], [ -64.78114132, -16.52000767 ], [ -64.77659883, -16.51448844 ], [ -64.77238645, -16.51301698 ], [ -64.76780582, -16.51399781 ], [ -64.76548206, -16.51618412 ], [ -64.76021399, -16.52753291 ], [ -64.76172981, -16.54391137 ], [ -64.75686735, -16.54621324 ], [ -64.75027273, -16.54348256 ], [ -64.74251536, -16.5348284 ], [ -64.74199184, -16.52997167 ], [ -64.74826292, -16.51572178 ], [ -64.7466273, -16.51172313 ], [ -64.74139904, -16.50844887 ], [ -64.72889867, -16.50585203 ], [ -64.72371458, -16.50751522 ], [ -64.72133849, -16.51015829 ], [ -64.72130496, -16.51540552 ], [ -64.72483928, -16.52610174 ], [ -64.72312479, -16.53120852 ], [ -64.71987404, -16.53447609 ], [ -64.71484023, -16.53513481 ], [ -64.71106852, -16.53377686 ], [ -64.70322712, -16.52442728 ], [ -64.70181265, -16.51818871 ], [ -64.70328972, -16.51331549 ], [ -64.70803092, -16.50671805 ], [ -64.70700204, -16.49873999 ], [ -64.7030016, -16.49470806 ], [ -64.69454308, -16.49095128 ], [ -64.69402253, -16.48808639 ], [ -64.6957373, -16.48580112 ], [ -64.70217878, -16.48562927 ], [ -64.70772782, -16.48259542 ], [ -64.70880092, -16.47780483 ], [ -64.70766602, -16.47554273 ], [ -64.70515899, -16.47221588 ], [ -64.70018062, -16.46962634 ], [ -64.69559793, -16.46978304 ], [ -64.68401882, -16.47752748 ], [ -64.67763639, -16.47733963 ], [ -64.67426875, -16.47473654 ], [ -64.67665402, -16.46395819 ], [ -64.68386713, -16.45278246 ], [ -64.68331391, -16.44609225 ], [ -64.67882302, -16.43524943 ], [ -64.68126739, -16.43140433 ], [ -64.68954128, -16.42846875 ], [ -64.69175109, -16.42617956 ], [ -64.69170559, -16.42091985 ], [ -64.68655544, -16.41259296 ], [ -64.67451194, -16.40192997 ], [ -64.66710244, -16.38991446 ], [ -64.65674422, -16.38055191 ], [ -64.6556025, -16.37733306 ], [ -64.6648521, -16.37283678 ], [ -64.67507991, -16.37419024 ], [ -64.69017709, -16.38733935 ], [ -64.6947434, -16.3855094 ], [ -64.69792057, -16.38058235 ], [ -64.70806612, -16.37954387 ], [ -64.70915973, -16.37714406 ], [ -64.70529205, -16.37382812 ], [ -64.69318104, -16.37667547 ], [ -64.68869346, -16.37324464 ], [ -64.68974098, -16.36546563 ], [ -64.69824208, -16.36049581 ], [ -64.70044178, -16.35713074 ], [ -64.6989064, -16.35140485 ], [ -64.69516632, -16.34844627 ], [ -64.68871802, -16.34730254 ], [ -64.6845229, -16.34900978 ], [ -64.677093, -16.36341485 ], [ -64.67278277, -16.36619874 ], [ -64.66992981, -16.36562364 ], [ -64.66665872, -16.35955255 ], [ -64.66475919, -16.33996149 ], [ -64.66072795, -16.33439545 ], [ -64.6531112, -16.33042045 ], [ -64.64905265, -16.32626795 ], [ -64.64932959, -16.3223804 ], [ -64.65440471, -16.31860475 ], [ -64.66013512, -16.31915752 ], [ -64.66836543, -16.32252969 ], [ -64.67222255, -16.32115425 ], [ -64.67482771, -16.31814487 ], [ -64.67416176, -16.312621 ], [ -64.67212866, -16.31009668 ], [ -64.6679218, -16.30669289 ], [ -64.65347801, -16.30038059 ], [ -64.65298376, -16.29679795 ], [ -64.65496256, -16.29289708 ], [ -64.66681658, -16.28578042 ], [ -64.67115361, -16.28634394 ], [ -64.67754893, -16.29242022 ], [ -64.68202172, -16.29074089 ], [ -64.68461743, -16.28668545 ], [ -64.68458554, -16.2829498 ], [ -64.68076438, -16.27027809 ], [ -64.68383163, -16.26711555 ], [ -64.68945439, -16.27334708 ], [ -64.69124572, -16.28379328 ], [ -64.69575797, -16.28674586 ], [ -64.70053986, -16.28506369 ], [ -64.70236157, -16.28101429 ], [ -64.70058386, -16.27221191 ], [ -64.71209825, -16.26195754 ], [ -64.7092815, -16.25824442 ], [ -64.69796742, -16.255795 ], [ -64.69682691, -16.24907953 ], [ -64.69984736, -16.24053749 ], [ -64.69950722, -16.23695376 ], [ -64.69577844, -16.23504094 ], [ -64.67925518, -16.23831057 ], [ -64.67196982, -16.22369336 ], [ -64.66991759, -16.21510189 ], [ -64.67148974, -16.2107857 ], [ -64.68192509, -16.20113934 ], [ -64.69487138, -16.19589586 ], [ -64.7019934, -16.18962241 ], [ -64.70244826, -16.18495636 ], [ -64.69980135, -16.17923916 ], [ -64.70014178, -16.17564997 ], [ -64.70644465, -16.16827641 ], [ -64.7074368, -16.16334094 ], [ -64.70496606, -16.15957582 ], [ -64.70105007, -16.15960713 ], [ -64.69423942, -16.16680279 ], [ -64.6939877, -16.17679085 ], [ -64.69246546, -16.18000213 ], [ -64.68810734, -16.18105777 ], [ -64.683927, -16.17816399 ], [ -64.67347789, -16.15182081 ], [ -64.6728769, -16.1446797 ], [ -64.67500912, -16.14091575 ], [ -64.67707972, -16.1405509 ], [ -64.68750124, -16.14683017 ], [ -64.68939229, -16.14655376 ], [ -64.69252774, -16.14417601 ], [ -64.6927708, -16.14094977 ], [ -64.68932282, -16.1383628 ], [ -64.68247273, -16.13859125 ], [ -64.67903299, -16.13696262 ], [ -64.67704852, -16.13093017 ], [ -64.67822364, -16.12276352 ], [ -64.6768366, -16.11749971 ], [ -64.66767359, -16.10867854 ], [ -64.66676894, -16.10429241 ], [ -64.66885592, -16.10158768 ], [ -64.67406711, -16.10118683 ], [ -64.68415293, -16.1108735 ], [ -64.68903885, -16.10983096 ], [ -64.69174272, -16.10656884 ], [ -64.69230212, -16.09633588 ], [ -64.69498373, -16.09346028 ], [ -64.71158794, -16.08452182 ], [ -64.71445789, -16.08369785 ], [ -64.72409352, -16.08590598 ], [ -64.72595347, -16.08565093 ], [ -64.72766769, -16.08246537 ], [ -64.7268911, -16.07798581 ], [ -64.72333126, -16.07345552 ], [ -64.71803445, -16.06879556 ], [ -64.71276619, -16.06787313 ], [ -64.70603918, -16.06886362 ], [ -64.70306047, -16.07971313 ], [ -64.69834751, -16.0802307 ], [ -64.69218073, -16.07031735 ], [ -64.69149417, -16.06252103 ], [ -64.69718039, -16.05971543 ], [ -64.70513121, -16.06049246 ], [ -64.71056686, -16.05744847 ], [ -64.71087362, -16.04976436 ], [ -64.70546832, -16.04176568 ], [ -64.70481513, -16.03793003 ], [ -64.70833141, -16.02817992 ], [ -64.71386056, -16.02165441 ], [ -64.71732599, -16.02054648 ], [ -64.71981919, -16.0218468 ], [ -64.72488821, -16.03404872 ], [ -64.72961031, -16.03473084 ], [ -64.73219573, -16.03230947 ], [ -64.73072712, -16.02031881 ], [ -64.72432517, -16.01184852 ], [ -64.71810225, -16.00973793 ], [ -64.70707675, -16.01198633 ], [ -64.70431622, -16.00840745 ], [ -64.70636352, -16.00236657 ], [ -64.72640671, -16.00199211 ], [ -64.73242725, -15.99663122 ], [ -64.7163414, -15.98348183 ], [ -64.71073064, -15.97405959 ], [ -64.71112446, -15.97022626 ], [ -64.71376833, -15.96596256 ], [ -64.71887996, -15.96539148 ], [ -64.7277672, -15.97893215 ], [ -64.73309276, -15.98195344 ], [ -64.73996786, -15.98132699 ], [ -64.72814404, -15.95895335 ], [ -64.72768085, -15.95465549 ], [ -64.74048757, -15.94948482 ], [ -64.74776794, -15.95325604 ], [ -64.75196862, -15.95304514 ], [ -64.75544108, -15.94028027 ], [ -64.75292005, -15.93037093 ], [ -64.75004554, -15.92646766 ], [ -64.73620143, -15.92149613 ], [ -64.73264454, -15.91614552 ], [ -64.73337065, -15.91151878 ], [ -64.737076, -15.90750323 ], [ -64.7486787, -15.90539502 ], [ -64.76717896, -15.89378936 ], [ -64.76545009, -15.88943963 ], [ -64.75768284, -15.88745735 ], [ -64.74714363, -15.89081568 ], [ -64.7335625, -15.90101657 ], [ -64.72740761, -15.90121369 ], [ -64.72542468, -15.89746095 ], [ -64.726858, -15.8841818 ], [ -64.73367723, -15.87786104 ], [ -64.74314557, -15.87406442 ], [ -64.74695231, -15.87011736 ], [ -64.747885, -15.86551969 ], [ -64.74595148, -15.8477716 ], [ -64.7443752, -15.84314594 ], [ -64.73549374, -15.83024713 ], [ -64.73184668, -15.81291694 ], [ -64.72706668, -15.80204509 ], [ -64.45817713, -15.82740297 ], [ -63.38139474, -15.88395211 ], [ -63.38237982, -15.88139559 ], [ -63.38977445, -15.87556317 ], [ -63.38866447, -15.87170281 ], [ -63.38458879, -15.86682909 ], [ -63.38986186, -15.8636005 ], [ -63.38606956, -15.86215347 ], [ -63.38718624, -15.85711216 ], [ -63.38904706, -15.85903708 ], [ -63.39394139, -15.8552329 ], [ -63.41098925, -15.85838487 ], [ -63.40861994, -15.84851008 ], [ -63.40026044, -15.85024548 ], [ -63.40401047, -15.84467599 ], [ -63.41050125, -15.84263949 ], [ -63.41500968, -15.84894961 ], [ -63.41501822, -15.8526164 ], [ -63.41774231, -15.85231936 ], [ -63.42912734, -15.84610791 ], [ -63.42795047, -15.84117669 ], [ -63.4217714, -15.83837458 ], [ -63.42282258, -15.83611589 ], [ -63.43056054, -15.83214979 ], [ -63.43024634, -15.82640553 ], [ -63.4404333, -15.82814867 ], [ -63.44483986, -15.8250412 ], [ -63.44206358, -15.82007657 ], [ -63.43504732, -15.8199344 ], [ -63.43575398, -15.81707105 ], [ -63.44151897, -15.8143095 ], [ -63.44094603, -15.80946476 ], [ -63.43154163, -15.80831974 ], [ -63.4393241, -15.8028235 ], [ -63.44074084, -15.78926189 ], [ -63.43933824, -15.78777077 ], [ -63.4374376, -15.78827838 ], [ -63.43289264, -15.79393328 ], [ -63.42964073, -15.79178564 ], [ -63.43084029, -15.78851899 ], [ -63.43884801, -15.78381229 ], [ -63.43894907, -15.78010804 ], [ -63.44071719, -15.78217203 ], [ -63.44556228, -15.7789159 ], [ -63.44346552, -15.77665706 ], [ -63.43588939, -15.77867421 ], [ -63.43614246, -15.77547284 ], [ -63.44056415, -15.76792727 ], [ -63.43805653, -15.76562233 ], [ -63.43120058, -15.76426193 ], [ -63.43093341, -15.76251703 ], [ -63.43596661, -15.76004349 ], [ -63.44097043, -15.76400964 ], [ -63.44306367, -15.76321236 ], [ -63.44197887, -15.75913668 ], [ -63.43469265, -15.75590961 ], [ -63.42994676, -15.74951639 ], [ -63.44067347, -15.7484451 ], [ -63.43519821, -15.74380357 ], [ -63.44315043, -15.73685994 ], [ -63.44658968, -15.74225431 ], [ -63.45815821, -15.74052449 ], [ -63.4559483, -15.73356936 ], [ -63.46109846, -15.7324042 ], [ -63.46303225, -15.73026423 ], [ -63.47152687, -15.73473098 ], [ -63.47289814, -15.71943956 ], [ -63.47513925, -15.71712629 ], [ -63.48175115, -15.72108528 ], [ -63.48344474, -15.71913315 ], [ -63.48228302, -15.71648457 ], [ -63.47508938, -15.7120494 ], [ -63.47544972, -15.70716674 ], [ -63.48198207, -15.70066928 ], [ -63.48892164, -15.70658297 ], [ -63.49259521, -15.70579147 ], [ -63.49004486, -15.69840535 ], [ -63.49583116, -15.69706788 ], [ -63.49757728, -15.69524519 ], [ -63.4935575, -15.68790639 ], [ -63.50126342, -15.6872787 ], [ -63.50395784, -15.68175612 ], [ -63.50761343, -15.68358905 ], [ -63.50908228, -15.68264383 ], [ -63.51376568, -15.67557244 ], [ -63.51365325, -15.66552542 ], [ -63.51685022, -15.66292169 ], [ -63.52488992, -15.66311405 ], [ -63.52378756, -15.65888814 ], [ -63.52639441, -15.65577706 ], [ -63.52836798, -15.65869333 ], [ -63.53834073, -15.66550312 ], [ -63.54015059, -15.6581299 ], [ -63.54282057, -15.6544328 ], [ -63.54912859, -15.65182565 ], [ -63.55345063, -15.65501302 ], [ -63.55244095, -15.66018803 ], [ -63.56704734, -15.65933131 ], [ -63.56739435, -15.66680276 ], [ -63.57450677, -15.66575365 ], [ -63.57973064, -15.66085376 ], [ -63.57380966, -15.65291685 ], [ -63.58208575, -15.64962113 ], [ -63.58516606, -15.64606107 ], [ -63.58702956, -15.63764636 ], [ -63.58672288, -15.63647145 ], [ -63.58224042, -15.63651606 ], [ -63.58350082, -15.63453596 ], [ -63.59826405, -15.62937951 ], [ -63.59977949, -15.63248523 ], [ -63.5983366, -15.63826625 ], [ -63.60444864, -15.63570095 ], [ -63.61088588, -15.63553436 ], [ -63.61736097, -15.63208633 ], [ -63.62192285, -15.63413138 ], [ -63.62371562, -15.6379545 ], [ -63.63218661, -15.63335379 ], [ -63.6316061, -15.62841206 ], [ -63.6331325, -15.62581225 ], [ -63.63905123, -15.62726664 ], [ -63.64295434, -15.62456905 ], [ -63.64006874, -15.62034857 ], [ -63.63305626, -15.61983305 ], [ -63.6350982, -15.61090779 ], [ -63.63849351, -15.60938855 ], [ -63.6467137, -15.61021375 ], [ -63.64805447, -15.6057733 ], [ -63.64489206, -15.60187233 ], [ -63.64851098, -15.5983921 ], [ -63.64387911, -15.59458657 ], [ -63.65699314, -15.58660033 ], [ -63.65779662, -15.58361849 ], [ -63.65404629, -15.58526717 ], [ -63.6523888, -15.58433531 ], [ -63.6552759, -15.58064974 ], [ -63.65980244, -15.57903191 ], [ -63.66563589, -15.58273191 ], [ -63.66879781, -15.58272232 ], [ -63.67228979, -15.57187987 ], [ -63.67549814, -15.57459842 ], [ -63.67867104, -15.582504 ], [ -63.68284674, -15.57493428 ], [ -63.68512687, -15.57409739 ], [ -63.68776406, -15.574233 ], [ -63.69088986, -15.57712201 ], [ -63.69080888, -15.5829283 ], [ -63.69348711, -15.58140077 ], [ -63.6942857, -15.57857082 ], [ -63.69113307, -15.56945157 ], [ -63.68543425, -15.56555768 ], [ -63.69389203, -15.55482224 ], [ -63.68966298, -15.54170527 ], [ -63.69016263, -15.5332663 ], [ -63.68679414, -15.53302207 ], [ -63.68216209, -15.53714912 ], [ -63.68295041, -15.53027282 ], [ -63.69114337, -15.52358687 ], [ -63.6883815, -15.52027956 ], [ -63.68190238, -15.51892144 ], [ -63.67916767, -15.51671295 ], [ -63.69098066, -15.50999781 ], [ -63.6815002, -15.50140713 ], [ -63.68109327, -15.49802088 ], [ -63.69284044, -15.49008154 ], [ -63.69677162, -15.49529372 ], [ -63.69812427, -15.48654201 ], [ -63.70030557, -15.48353389 ], [ -63.71218946, -15.48973841 ], [ -63.71421562, -15.48516734 ], [ -63.71278933, -15.48182091 ], [ -63.71798126, -15.47579751 ], [ -63.71908055, -15.47100406 ], [ -63.72527729, -15.46612224 ], [ -63.723036, -15.46170158 ], [ -63.72733703, -15.45991767 ], [ -63.72798742, -15.45535794 ], [ -63.73072232, -15.453449 ], [ -63.7367008, -15.45673426 ], [ -63.7335775, -15.46911222 ], [ -63.74383632, -15.46516195 ], [ -63.7426222, -15.45594855 ], [ -63.74660452, -15.45867525 ], [ -63.74909817, -15.47061502 ], [ -63.75022898, -15.4725836 ], [ -63.75181613, -15.4723862 ], [ -63.75710271, -15.45509041 ], [ -63.76089448, -15.45199909 ], [ -63.76617098, -15.45351838 ], [ -63.765921, -15.44629805 ], [ -63.76303688, -15.44163026 ], [ -63.76439142, -15.4391576 ], [ -63.76580658, -15.43827152 ], [ -63.77110685, -15.4398365 ], [ -63.77954671, -15.43693522 ], [ -63.78420344, -15.43809137 ], [ -63.78296051, -15.43971214 ], [ -63.78497663, -15.43980984 ], [ -63.79252767, -15.42996929 ], [ -63.79473219, -15.42433794 ], [ -63.79824325, -15.42182348 ], [ -63.7979935, -15.42033054 ], [ -63.79191786, -15.41674875 ], [ -63.79022642, -15.41296808 ], [ -63.77898895, -15.40724513 ], [ -63.78320718, -15.40426482 ], [ -63.78914921, -15.40612292 ], [ -63.7848092, -15.40027183 ], [ -63.77475749, -15.403003 ], [ -63.77685758, -15.39337045 ], [ -63.78121217, -15.38972198 ], [ -63.78296235, -15.39207614 ], [ -63.78594778, -15.38630016 ], [ -63.79189298, -15.38578903 ], [ -63.79151547, -15.38038693 ], [ -63.80038519, -15.37538813 ], [ -63.79817832, -15.36949582 ], [ -63.81381225, -15.36568006 ], [ -63.82437737, -15.35953851 ], [ -63.81773458, -15.3559853 ], [ -63.81818843, -15.35363521 ], [ -63.82644386, -15.35181495 ], [ -63.83117175, -15.35317659 ], [ -63.83329142, -15.35163988 ], [ -63.83482204, -15.34502504 ], [ -63.83839503, -15.3416584 ], [ -63.83318628, -15.33947308 ], [ -63.83349497, -15.33680221 ], [ -63.8363739, -15.33539682 ], [ -63.8369657, -15.33258545 ], [ -63.83237511, -15.32786451 ], [ -63.83465044, -15.32517636 ], [ -63.84245247, -15.3258667 ], [ -63.8430592, -15.31932896 ], [ -63.85256383, -15.30877927 ], [ -63.85614874, -15.30145603 ], [ -63.8523359, -15.29350838 ], [ -63.85535163, -15.2861442 ], [ -63.85337921, -15.28002032 ], [ -63.85584229, -15.27721531 ], [ -63.85324504, -15.2700619 ], [ -63.86264282, -15.27195655 ], [ -63.86206402, -15.26266914 ], [ -63.87037029, -15.26438917 ], [ -63.8680238, -15.25615264 ], [ -63.86305187, -15.25644997 ], [ -63.86661496, -15.2494718 ], [ -63.86169971, -15.24539832 ], [ -63.8613209, -15.24271053 ], [ -63.8666407, -15.23619976 ], [ -63.86345307, -15.23192688 ], [ -63.86022324, -15.23094354 ], [ -63.85929094, -15.22724858 ], [ -63.87705807, -15.21956866 ], [ -63.8833428, -15.22052434 ], [ -63.88412043, -15.21472101 ], [ -63.88880725, -15.20642135 ], [ -63.89089421, -15.20674757 ], [ -63.89299018, -15.21075389 ], [ -63.89490201, -15.21002359 ], [ -63.89464983, -15.20563261 ], [ -63.89223849, -15.20344625 ], [ -63.89241873, -15.19707324 ], [ -63.88545053, -15.19909111 ], [ -63.88375502, -15.19749624 ], [ -63.88466155, -15.19288781 ], [ -63.88842716, -15.19292296 ], [ -63.88990549, -15.19139155 ], [ -63.88758141, -15.18566212 ], [ -63.89357426, -15.17518849 ], [ -63.8995783, -15.17667534 ], [ -63.90214773, -15.16740552 ], [ -63.90699618, -15.16943169 ], [ -63.90916766, -15.1633626 ], [ -63.91517315, -15.1676782 ], [ -63.91887873, -15.16108901 ], [ -63.92398557, -15.16026029 ], [ -63.92665089, -15.1643761 ], [ -63.93154017, -15.16566531 ], [ -63.93442192, -15.17012406 ], [ -63.93982681, -15.16039076 ], [ -63.94338646, -15.16127795 ], [ -63.93829471, -15.15072137 ], [ -63.94081514, -15.14669592 ], [ -63.93979243, -15.14357718 ], [ -63.94289931, -15.14157041 ], [ -63.94068316, -15.13738163 ], [ -63.94457722, -15.13343548 ], [ -63.94054766, -15.12767635 ], [ -63.94418567, -15.11641817 ], [ -63.94246266, -15.11176481 ], [ -63.94314245, -15.10842335 ], [ -63.94598659, -15.10361282 ], [ -63.95120544, -15.10225348 ], [ -63.94771004, -15.09271729 ], [ -63.95804065, -15.08353608 ], [ -63.95804075, -15.08095994 ], [ -63.95270577, -15.07990535 ], [ -63.9539935, -15.07577618 ], [ -63.95790129, -15.07088667 ], [ -63.96354271, -15.06924715 ], [ -63.96092815, -15.0628541 ], [ -63.94369035, -15.05406612 ], [ -63.93284198, -15.04250409 ], [ -63.91877895, -15.03384597 ], [ -63.92359542, -15.02736164 ], [ -63.93003669, -15.02792383 ], [ -63.94064963, -15.01618773 ], [ -63.93965777, -15.0137817 ], [ -63.93136952, -15.01038447 ], [ -63.93080813, -15.00321312 ], [ -63.92429664, -15.00265156 ], [ -63.92224477, -15.00073812 ], [ -63.92416833, -14.99271254 ], [ -63.92213704, -14.98800758 ], [ -63.92562961, -14.98187877 ], [ -63.92362511, -14.96783992 ], [ -63.92858067, -14.96131458 ], [ -63.75670595, -14.35851089 ], [ -63.08385637, -14.11084985 ], [ -63.08469035, -14.11468564 ], [ -63.08793345, -14.11374942 ], [ -63.08731186, -14.12010735 ], [ -63.09044814, -14.119951 ], [ -63.0917891, -14.12298416 ], [ -63.09524001, -14.12522367 ], [ -63.09514803, -14.13090046 ], [ -63.09759795, -14.13093987 ], [ -63.09622115, -14.13592932 ], [ -63.09890235, -14.13769661 ], [ -63.09602881, -14.13907572 ], [ -63.09325603, -14.14441052 ], [ -63.09311518, -14.15309807 ], [ -63.08973852, -14.15642308 ], [ -63.09052332, -14.16179213 ], [ -63.08779275, -14.16595512 ], [ -63.08965111, -14.16761727 ], [ -63.0884881, -14.16957559 ], [ -63.09272802, -14.17116114 ], [ -63.09104295, -14.17334094 ], [ -63.09431313, -14.17369244 ], [ -63.08989878, -14.17849502 ], [ -63.09069561, -14.18312862 ], [ -63.09371622, -14.18579798 ], [ -63.09266995, -14.18927544 ], [ -63.09495741, -14.1891973 ], [ -63.09510829, -14.19152161 ], [ -63.09712046, -14.19097924 ], [ -63.09619613, -14.19420581 ], [ -63.09909046, -14.1959535 ], [ -63.09822851, -14.19823854 ], [ -63.1004239, -14.19657264 ], [ -63.10129032, -14.19837968 ], [ -63.10302944, -14.19723517 ], [ -63.10479173, -14.2005034 ], [ -63.10283023, -14.20179197 ], [ -63.10326031, -14.20617699 ], [ -63.10072717, -14.20569082 ], [ -63.09427151, -14.20938259 ], [ -63.09420075, -14.21080955 ], [ -63.09573448, -14.21000847 ], [ -63.09773532, -14.21700309 ], [ -63.09474399, -14.21981501 ], [ -63.0931048, -14.21914495 ], [ -63.09276862, -14.22097865 ], [ -63.08937889, -14.22214248 ], [ -63.08610496, -14.2190782 ], [ -63.07980988, -14.22929864 ], [ -63.07606347, -14.22919214 ], [ -63.07527263, -14.23143227 ], [ -63.07158596, -14.23344164 ], [ -63.06924198, -14.23262209 ], [ -63.06868154, -14.23373947 ], [ -63.0665905, -14.2318665 ], [ -63.06012844, -14.2334859 ], [ -63.06101035, -14.2357761 ], [ -63.05811153, -14.23572906 ], [ -63.05736724, -14.23799287 ], [ -63.05351513, -14.23857398 ], [ -63.0515598, -14.24711703 ], [ -63.05320439, -14.25033922 ], [ -63.05143407, -14.25047135 ], [ -63.04959679, -14.25324611 ], [ -63.04861044, -14.25732208 ], [ -63.05087806, -14.25993372 ], [ -63.04905881, -14.26160529 ], [ -63.0518494, -14.26827146 ], [ -63.04697181, -14.27527267 ], [ -63.04770573, -14.276526 ], [ -63.0419875, -14.27870876 ], [ -63.03968449, -14.27680912 ], [ -63.03756196, -14.28256768 ], [ -63.03276773, -14.28446644 ], [ -63.03073131, -14.2835596 ], [ -63.02896088, -14.28796749 ], [ -63.02551767, -14.28657781 ], [ -63.02016018, -14.29400741 ], [ -63.01461535, -14.29706594 ], [ -63.01601375, -14.30090502 ], [ -63.01275821, -14.30098953 ], [ -63.0107448, -14.30295649 ], [ -63.01388201, -14.30716898 ], [ -63.01411655, -14.3100924 ], [ -63.01248371, -14.31185873 ], [ -63.00861618, -14.31186416 ], [ -63.00924649, -14.31509294 ], [ -63.0001244, -14.32431822 ], [ -62.99472788, -14.33590782 ], [ -62.9967697, -14.343658 ], [ -62.98925797, -14.34543533 ], [ -62.98790271, -14.34955439 ], [ -62.98620425, -14.34970873 ], [ -62.98586631, -14.35355598 ], [ -62.98208491, -14.3532238 ], [ -62.98391427, -14.35659 ], [ -62.9833368, -14.36239606 ], [ -62.97345212, -14.36787644 ], [ -62.9745272, -14.36908617 ], [ -62.97317361, -14.37064125 ], [ -62.97369721, -14.37332938 ], [ -62.97601665, -14.37383673 ], [ -62.97376435, -14.37526225 ], [ -62.97460881, -14.37700359 ], [ -62.97257966, -14.37946279 ], [ -62.96595538, -14.38058446 ], [ -62.97027215, -14.38470979 ], [ -62.96662969, -14.39335304 ], [ -62.96217889, -14.39459211 ], [ -62.95844987, -14.40866828 ], [ -62.95672498, -14.40859248 ], [ -62.95608045, -14.41023283 ], [ -62.95291239, -14.40991741 ], [ -62.95015647, -14.41295869 ], [ -62.95116057, -14.41414617 ], [ -62.94868492, -14.41688557 ], [ -62.95129588, -14.42277661 ], [ -62.94899313, -14.42394916 ], [ -62.95049511, -14.42531612 ], [ -62.94667957, -14.42406297 ], [ -62.94730206, -14.42488576 ], [ -62.94378473, -14.4274047 ], [ -62.94451066, -14.43375082 ], [ -62.94579355, -14.43447536 ], [ -62.94468793, -14.43492307 ], [ -62.94614413, -14.43642858 ], [ -62.94873444, -14.43564467 ], [ -62.95044236, -14.43866698 ], [ -62.94886279, -14.44128284 ], [ -62.94466673, -14.43980305 ], [ -62.94115264, -14.44266718 ], [ -62.94228474, -14.44482025 ], [ -62.93984631, -14.44661546 ], [ -62.93684017, -14.45299649 ], [ -62.93763552, -14.45455427 ], [ -62.93989912, -14.45414179 ], [ -62.94416095, -14.45974124 ], [ -62.944712, -14.46282045 ], [ -62.94299279, -14.46334296 ], [ -62.94659814, -14.46940886 ], [ -62.94474769, -14.47096842 ], [ -62.94952573, -14.47154504 ], [ -62.95271401, -14.47529413 ], [ -62.95103753, -14.4761574 ], [ -62.95178746, -14.47787669 ], [ -62.94925245, -14.48181354 ], [ -62.95145296, -14.48213812 ], [ -62.95116979, -14.48911517 ], [ -62.94346857, -14.49386006 ], [ -62.94422369, -14.4984105 ], [ -62.94169374, -14.49932944 ], [ -62.9373339, -14.50888685 ], [ -62.93772431, -14.51585852 ], [ -62.92765104, -14.52162881 ], [ -62.92456453, -14.52568403 ], [ -62.91937094, -14.52675133 ], [ -62.91777068, -14.53002159 ], [ -62.9097734, -14.53512029 ], [ -62.90878744, -14.5386656 ], [ -62.90532076, -14.5416857 ], [ -62.9067631, -14.54269583 ], [ -62.90518341, -14.54430917 ], [ -62.90536405, -14.55353628 ], [ -62.90260784, -14.5578898 ], [ -62.89909061, -14.55911502 ], [ -62.8962673, -14.56590774 ], [ -62.89775087, -14.57768698 ], [ -62.89612865, -14.58240679 ], [ -62.89837835, -14.58587787 ], [ -62.8977028, -14.59172371 ], [ -62.89893493, -14.59402284 ], [ -62.90148709, -14.59457102 ], [ -62.899888, -14.59901468 ], [ -62.90011723, -14.60918512 ], [ -62.89742673, -14.61084619 ], [ -62.88674757, -14.62533669 ], [ -62.88503594, -14.63369224 ], [ -62.88272575, -14.63707835 ], [ -62.88076361, -14.63639101 ], [ -62.87852647, -14.64124966 ], [ -62.87933372, -14.64377963 ], [ -62.87669858, -14.65112402 ], [ -62.87998488, -14.65233866 ], [ -62.87399363, -14.65929687 ], [ -62.8752501, -14.66198725 ], [ -62.87324521, -14.66440636 ], [ -62.8739668, -14.67278119 ], [ -62.87154177, -14.67876755 ], [ -62.8717138, -14.68316234 ], [ -62.86911558, -14.68406357 ], [ -62.86583983, -14.6902582 ], [ -62.85930069, -14.69526089 ], [ -62.85458361, -14.70203266 ], [ -62.85550821, -14.70403329 ], [ -62.85215237, -14.70422206 ], [ -62.85038229, -14.70601933 ], [ -62.84408712, -14.71714205 ], [ -62.842395, -14.72420858 ], [ -62.84480981, -14.72701261 ], [ -62.84401379, -14.73255924 ], [ -62.84014437, -14.73783384 ], [ -62.83896913, -14.74275967 ], [ -62.83651268, -14.74423559 ], [ -62.83139459, -14.75300928 ], [ -62.8295667, -14.76525322 ], [ -62.82574278, -14.7698602 ], [ -62.82686163, -14.77579547 ], [ -62.82856561, -14.77712791 ], [ -62.82787625, -14.79245374 ], [ -62.82403059, -14.79894756 ], [ -62.82156089, -14.80919028 ], [ -62.81636416, -14.81349966 ], [ -62.80996675, -14.82234339 ], [ -62.80827165, -14.8285582 ], [ -62.80844686, -14.83656558 ], [ -62.80554872, -14.84549701 ], [ -62.80033246, -14.85433903 ], [ -62.80105083, -14.86188556 ], [ -62.80661794, -14.86938039 ], [ -62.80915175, -14.88067154 ], [ -62.81373233, -14.88455864 ], [ -62.81871502, -14.89679398 ], [ -62.82148505, -14.89865437 ], [ -62.82650005, -14.89864808 ], [ -62.82899303, -14.90568603 ], [ -62.83239804, -14.90453115 ], [ -62.83703605, -14.90556057 ], [ -62.84459817, -14.91703263 ], [ -62.84703561, -14.91753556 ], [ -62.85025855, -14.92146591 ], [ -62.85163692, -14.92588198 ], [ -62.8553541, -14.9278327 ], [ -62.86050155, -14.93716762 ], [ -62.86701075, -14.93902216 ], [ -62.86693452, -14.95151678 ], [ -62.86397967, -14.96967601 ], [ -62.86910694, -14.98016778 ], [ -62.86265543, -14.98086788 ], [ -62.86192883, -14.98477082 ], [ -62.86403223, -14.98969931 ], [ -62.87423592, -14.98964118 ], [ -62.87911617, -14.99591383 ], [ -62.87782755, -15.00091235 ], [ -62.8787133, -15.02628376 ], [ -62.87635112, -15.03423557 ], [ -62.76855985, -15.84220598 ], [ -62.75710644, -15.84825727 ], [ -62.75056256, -15.84921359 ], [ -62.74771909, -15.84824654 ], [ -62.74401769, -15.84183571 ], [ -62.73338468, -15.84493274 ], [ -62.72844674, -15.84316359 ], [ -62.72287877, -15.84532384 ], [ -62.71877639, -15.84178128 ], [ -62.71346537, -15.84218982 ], [ -62.70417321, -15.85134056 ], [ -62.70206083, -15.84795761 ], [ -62.69292409, -15.8456316 ], [ -62.68466048, -15.84741644 ], [ -62.68188624, -15.84579535 ], [ -62.67373722, -15.8482088 ], [ -62.66586, -15.84706263 ], [ -62.6623511, -15.84204888 ], [ -62.66022268, -15.84182097 ], [ -62.65671398, -15.84366829 ], [ -62.65199443, -15.84991554 ], [ -62.64684067, -15.8462015 ], [ -62.637387, -15.84684843 ], [ -62.63049979, -15.84223275 ], [ -62.62171442, -15.85063962 ], [ -62.61600614, -15.84676668 ], [ -62.61203685, -15.84722001 ], [ -62.60776199, -15.85012072 ], [ -62.59966667, -15.84826431 ], [ -62.59686397, -15.84967401 ], [ -62.59433467, -15.8474122 ], [ -62.58652329, -15.84828455 ], [ -62.58058957, -15.85870518 ], [ -62.57127903, -15.85150022 ], [ -62.55794093, -15.86116429 ], [ -62.55171557, -15.86135363 ], [ -62.53509816, -15.86732625 ], [ -62.52231767, -15.86999346 ], [ -62.51717372, -15.86783726 ], [ -62.504969, -15.8738398 ], [ -62.49423606, -15.87577721 ], [ -62.48778848, -15.87497334 ], [ -62.48142068, -15.87972076 ], [ -62.47406111, -15.8804462 ], [ -62.47245711, -15.88321793 ], [ -62.46848067, -15.88325371 ], [ -62.46078855, -15.87945799 ], [ -62.45488793, -15.88484279 ], [ -62.44766471, -15.88139664 ], [ -62.44257478, -15.88692044 ], [ -62.43644504, -15.88607788 ], [ -62.43718675, -15.88958346 ], [ -62.44152559, -15.89441792 ], [ -62.44088805, -15.89851145 ], [ -62.43812719, -15.90046087 ], [ -62.43349214, -15.90075212 ], [ -62.43366886, -15.90474158 ], [ -62.42548757, -15.90776861 ], [ -62.41921971, -15.92047718 ], [ -62.42544047, -15.9243463 ], [ -62.42886257, -15.93236369 ], [ -62.42444156, -15.93421752 ], [ -62.42088273, -15.94116974 ], [ -62.41173363, -15.9425707 ], [ -62.40699386, -15.94619784 ], [ -62.40968397, -15.94734275 ], [ -62.40932951, -15.95073924 ], [ -62.41386308, -15.9534362 ], [ -62.42287893, -15.96592796 ], [ -62.41909027, -15.97632245 ], [ -62.42002641, -15.98342114 ], [ -62.41486668, -15.98742016 ], [ -62.41161107, -15.99472987 ], [ -62.40310207, -15.99972981 ], [ -62.39861556, -16.00767235 ], [ -62.38998791, -16.013318 ], [ -62.38053247, -16.01704647 ], [ -62.3789378, -16.01974535 ], [ -62.38154857, -16.02449644 ], [ -62.38120996, -16.02716992 ], [ -62.37209593, -16.03013503 ], [ -62.37257106, -16.03191301 ], [ -62.37767195, -16.03272183 ], [ -62.37789375, -16.03676125 ], [ -62.38777791, -16.0364335 ], [ -62.38875674, -16.03836622 ], [ -62.38397006, -16.03939003 ], [ -62.38270922, -16.04247636 ], [ -62.3787465, -16.04383479 ], [ -62.37605772, -16.04698122 ], [ -62.37055897, -16.04763651 ], [ -62.37531931, -16.05301402 ], [ -62.3784442, -16.06162358 ], [ -62.37515947, -16.06613728 ], [ -62.35900041, -16.06767097 ], [ -62.36147916, -16.07124574 ], [ -62.35995381, -16.07549676 ], [ -62.35543279, -16.07726075 ], [ -62.35616784, -16.08156037 ], [ -62.35501534, -16.08334842 ], [ -62.3498981, -16.08487901 ], [ -62.35560259, -16.0932056 ], [ -62.35216313, -16.09629648 ], [ -62.35201025, -16.09964985 ], [ -62.34963571, -16.10039078 ], [ -62.3471453, -16.09686189 ], [ -62.34260443, -16.09598864 ], [ -62.34570306, -16.09969674 ], [ -62.34345586, -16.1037996 ], [ -62.33870779, -16.10316963 ], [ -62.33743167, -16.10753006 ], [ -62.33166085, -16.10613754 ], [ -62.33041905, -16.11033693 ], [ -62.33228353, -16.1129522 ], [ -62.32345345, -16.11557103 ], [ -62.32244253, -16.11757091 ], [ -62.31511627, -16.11720745 ], [ -62.31312651, -16.1215875 ], [ -62.31496568, -16.12413978 ], [ -62.3141986, -16.1312919 ], [ -62.3193175, -16.12992217 ], [ -62.3210622, -16.13389385 ], [ -62.3168832, -16.13534783 ], [ -62.31908002, -16.13895997 ], [ -62.31789701, -16.1404032 ], [ -62.3244595, -16.14407489 ], [ -62.32450423, -16.14686424 ], [ -62.32363421, -16.14830709 ], [ -62.31869988, -16.1490878 ], [ -62.31859171, -16.15415853 ], [ -62.31483366, -16.15474186 ], [ -62.31292728, -16.1587007 ], [ -62.31355036, -16.16116037 ], [ -62.3090545, -16.16120399 ], [ -62.30296099, -16.16558589 ], [ -62.30538617, -16.16929743 ], [ -62.30160738, -16.17087533 ], [ -62.29743778, -16.16972497 ], [ -62.29264809, -16.17409951 ], [ -62.29526963, -16.17562617 ], [ -62.29487254, -16.17807849 ], [ -62.2988972, -16.17938859 ], [ -62.29625979, -16.18845198 ], [ -62.29261741, -16.19171515 ], [ -62.29629791, -16.19321984 ], [ -62.29389949, -16.20274184 ], [ -62.29657929, -16.20372987 ], [ -62.29245731, -16.20584648 ], [ -62.29772906, -16.20627524 ], [ -62.29568178, -16.20992952 ], [ -62.29730151, -16.21444661 ], [ -62.2861838, -16.23255411 ], [ -62.28671787, -16.23757137 ], [ -62.28226957, -16.23710267 ], [ -62.28371869, -16.24029021 ], [ -62.27952075, -16.24523731 ], [ -62.27882982, -16.24907607 ], [ -62.27183474, -16.2539171 ], [ -62.27328545, -16.25767775 ], [ -62.28011903, -16.26273878 ], [ -62.28155538, -16.26558251 ], [ -62.28640285, -16.26689368 ], [ -62.28848182, -16.26564639 ], [ -62.28485605, -16.29953299 ], [ -62.28995405, -16.30623573 ], [ -62.28796861, -16.30965597 ], [ -62.28999274, -16.3132164 ], [ -62.28852027, -16.34578008 ], [ -62.29097089, -16.34765686 ], [ -62.29215998, -16.35358984 ], [ -62.29745461, -16.35230891 ], [ -62.29891796, -16.35325329 ], [ -62.30387873, -16.36439806 ], [ -62.30937584, -16.36404818 ], [ -62.31471539, -16.36978122 ], [ -62.31564078, -16.39607662 ], [ -62.32398945, -16.41950581 ], [ -62.32338264, -16.4254481 ], [ -62.33069131, -16.43570974 ], [ -62.33068217, -16.44601858 ], [ -62.3320591, -16.44666358 ], [ -62.33172787, -16.45034413 ], [ -62.33599038, -16.46072874 ], [ -62.33519419, -16.47798203 ], [ -62.34116021, -16.4905869 ], [ -62.33815306, -16.49897983 ], [ -62.34268053, -16.50554667 ], [ -62.34511016, -16.50593728 ], [ -62.34063556, -16.50963572 ], [ -62.34035704, -16.51435064 ], [ -62.33537113, -16.5083679 ], [ -62.33379451, -16.50974557 ], [ -62.33546376, -16.51322121 ], [ -62.33434788, -16.5143548 ], [ -62.33220773, -16.51426418 ], [ -62.33163291, -16.51113279 ], [ -62.32882187, -16.50922138 ], [ -62.32422819, -16.51348229 ], [ -62.32183926, -16.5132132 ], [ -62.32126784, -16.51048713 ], [ -62.31411694, -16.51252747 ], [ -62.31483347, -16.51552549 ], [ -62.32041792, -16.51429731 ], [ -62.32192899, -16.51626691 ], [ -62.32589241, -16.51646493 ], [ -62.33010341, -16.51905377 ], [ -62.32912825, -16.52094892 ], [ -62.32593588, -16.52000669 ], [ -62.32015861, -16.52169309 ], [ -62.32246346, -16.52724262 ], [ -62.32390328, -16.52546244 ], [ -62.32642958, -16.52751878 ], [ -62.32537104, -16.52949429 ], [ -62.32151413, -16.53215861 ], [ -62.31630684, -16.52826398 ], [ -62.31159205, -16.53053744 ], [ -62.30918545, -16.52926201 ], [ -62.30688839, -16.5317196 ], [ -62.29837428, -16.53432502 ], [ -62.29985382, -16.53890838 ], [ -62.29676991, -16.54044676 ], [ -62.29802133, -16.54188284 ], [ -62.29612843, -16.54342151 ], [ -62.2931234, -16.54192123 ], [ -62.29342248, -16.53936616 ], [ -62.29111179, -16.53922768 ], [ -62.28892112, -16.54082363 ], [ -62.28717361, -16.54722088 ], [ -62.28473051, -16.5444979 ], [ -62.2817903, -16.54803468 ], [ -62.27764435, -16.54598873 ], [ -62.27713297, -16.54767702 ], [ -62.27983902, -16.55242174 ], [ -62.27590996, -16.5559466 ], [ -62.27704274, -16.55857734 ], [ -62.27272998, -16.55674946 ], [ -62.2751348, -16.55393625 ], [ -62.27487153, -16.55122543 ], [ -62.26988009, -16.54958103 ], [ -62.26745243, -16.55141544 ], [ -62.26890862, -16.56448883 ], [ -62.27492903, -16.58247016 ], [ -62.29712745, -16.62003931 ], [ -62.30705912, -16.63138481 ], [ -62.31565938, -16.63639849 ], [ -62.33115482, -16.64143416 ], [ -62.36963612, -16.64598589 ], [ -62.38802621, -16.64493311 ], [ -62.41091879, -16.64009249 ], [ -62.43219029, -16.6257006 ], [ -62.4285918, -16.65075646 ], [ -62.42682754, -16.68744745 ], [ -62.43027821, -16.70679091 ], [ -62.4274659, -16.7095012 ], [ -62.42887195, -16.71074611 ], [ -62.43204239, -16.70872425 ], [ -62.43399115, -16.71021166 ], [ -62.43121152, -16.71201423 ], [ -62.43006867, -16.7178562 ], [ -62.42862449, -16.71748635 ], [ -62.42771565, -16.71347083 ], [ -62.42293035, -16.71369497 ], [ -62.42645169, -16.71565478 ], [ -62.42603493, -16.71767872 ], [ -62.43045635, -16.72379865 ], [ -62.43000542, -16.73067299 ], [ -62.43488402, -16.7330076 ], [ -62.43345228, -16.73505607 ], [ -62.42619788, -16.73486383 ], [ -62.4304743, -16.74147006 ], [ -62.43473223, -16.74438949 ], [ -62.43307756, -16.7453971 ], [ -62.430725, -16.74279467 ], [ -62.43096506, -16.7456131 ], [ -62.4275272, -16.74628566 ], [ -62.42488053, -16.75160998 ], [ -62.41885261, -16.75107328 ], [ -62.41936682, -16.75337446 ], [ -62.42266085, -16.75260794 ], [ -62.42258607, -16.75547834 ], [ -62.42701675, -16.75810041 ], [ -62.42641227, -16.76035384 ], [ -62.42452884, -16.75868649 ], [ -62.42068969, -16.75861493 ], [ -62.42057057, -16.7615796 ], [ -62.42703572, -16.76139377 ], [ -62.42866561, -16.7636019 ], [ -62.42136374, -16.76379431 ], [ -62.42058203, -16.7673179 ], [ -62.42615671, -16.76592013 ], [ -62.42497101, -16.76775571 ], [ -62.4261782, -16.77074038 ], [ -62.43047129, -16.77104297 ], [ -62.42740889, -16.77331847 ], [ -62.42772157, -16.7783915 ], [ -62.42515444, -16.77721504 ], [ -62.42143083, -16.77943036 ], [ -62.4235441, -16.78007717 ], [ -62.42312747, -16.78311314 ], [ -62.42901937, -16.78496573 ], [ -62.42730433, -16.78802126 ], [ -62.42441937, -16.78884321 ], [ -62.42638674, -16.78959937 ], [ -62.42564944, -16.79217589 ], [ -62.42712595, -16.79361039 ], [ -62.42432829, -16.79906885 ], [ -62.41716362, -16.79581604 ], [ -62.41814421, -16.79988919 ], [ -62.42195406, -16.80295372 ], [ -62.41983019, -16.80620622 ], [ -62.42163406, -16.80861255 ], [ -62.41788632, -16.81188598 ], [ -62.41124102, -16.81109891 ], [ -62.41127356, -16.8170995 ], [ -62.40899289, -16.81675141 ], [ -62.40819149, -16.81264396 ], [ -62.4066407, -16.81674826 ], [ -62.40395089, -16.81508776 ], [ -62.40301104, -16.81715745 ], [ -62.39742321, -16.81696449 ], [ -62.39939076, -16.81883536 ], [ -62.39673748, -16.81984866 ], [ -62.39362307, -16.81958084 ], [ -62.38975756, -16.81644315 ], [ -62.38552771, -16.82062075 ], [ -62.38416438, -16.82507381 ], [ -62.38878143, -16.82793648 ], [ -62.38844629, -16.82950928 ], [ -62.39227365, -16.83434346 ], [ -62.39153015, -16.84909557 ], [ -62.3888296, -16.85821357 ], [ -62.38331256, -16.86596924 ], [ -62.37508797, -16.87272018 ], [ -62.37112066, -16.8944047 ], [ -62.36899593, -16.89565297 ], [ -62.36638395, -16.89474072 ], [ -62.3627299, -16.89836561 ], [ -62.3640155, -16.90159855 ], [ -62.36067259, -16.90402057 ], [ -62.36276954, -16.90572216 ], [ -62.36571, -16.91451898 ], [ -62.35472157, -16.91613081 ], [ -62.35120563, -16.92199612 ], [ -62.34798631, -16.92416354 ], [ -62.35041695, -16.92944084 ], [ -62.34653561, -16.93100745 ], [ -62.34797311, -16.93285266 ], [ -62.34443141, -16.9422727 ], [ -62.34186855, -16.94543228 ], [ -62.33821047, -16.94569626 ], [ -62.33486397, -16.95043571 ], [ -62.33601923, -16.95263519 ], [ -62.33428329, -16.95775269 ], [ -62.33527213, -16.96530434 ], [ -62.34080829, -16.97504736 ], [ -62.33525621, -16.98532165 ], [ -62.33032238, -16.98847562 ], [ -62.33382594, -16.99942052 ], [ -62.33172605, -17.00075318 ], [ -62.32923163, -17.00703198 ], [ -62.32922269, -17.0134646 ], [ -62.323905, -17.01893992 ], [ -62.32565311, -17.02522896 ], [ -62.32362003, -17.02838378 ], [ -62.3236864, -17.03237523 ], [ -62.327465, -17.03641526 ], [ -62.32720946, -17.04117702 ], [ -62.18040759, -17.02710287 ], [ -61.96749156, -17.03803108 ], [ -61.97416139, -17.03131121 ], [ -61.9722432, -17.02900521 ], [ -61.97762862, -17.02685311 ], [ -61.97564504, -17.0241565 ], [ -61.98203395, -17.02365515 ], [ -61.9798919, -17.02030075 ], [ -61.98311053, -17.02181306 ], [ -61.98818217, -17.02020555 ], [ -61.98842369, -17.01796895 ], [ -61.98491349, -17.01795798 ], [ -61.9905053, -17.01499341 ], [ -61.99005592, -17.01319575 ], [ -61.98744359, -17.01443827 ], [ -61.98823507, -17.01286795 ], [ -61.99001911, -17.01250603 ], [ -61.9934646, -17.01450718 ], [ -61.99574025, -17.01310027 ], [ -61.99549869, -17.01029533 ], [ -61.99733586, -17.01262677 ], [ -62.00001432, -17.00908157 ], [ -61.99711698, -17.00809155 ], [ -61.99719299, -17.00649164 ], [ -62.00013285, -17.00709807 ], [ -62.00056093, -17.00465419 ], [ -62.00487635, -17.00751928 ], [ -62.00422993, -17.00478594 ], [ -62.00706961, -17.004981 ], [ -62.00772922, -17.00315568 ], [ -62.00056052, -17.00326462 ], [ -61.99960794, -17.00209236 ], [ -62.00365282, -16.99994308 ], [ -62.00038545, -16.99894148 ], [ -62.00357723, -16.99759501 ], [ -62.00553485, -16.99854831 ], [ -62.00486905, -16.99640853 ], [ -62.00766348, -16.99465882 ], [ -62.01166272, -16.99746497 ], [ -62.01140877, -16.99468663 ], [ -62.00835229, -16.99274625 ], [ -62.01423579, -16.98761129 ], [ -62.02084019, -16.98581437 ], [ -62.02342108, -16.98860309 ], [ -62.02004678, -16.98919761 ], [ -62.01665337, -16.99265961 ], [ -62.02058837, -16.99209987 ], [ -62.02230298, -16.99746889 ], [ -62.0244282, -16.9987318 ], [ -62.02450465, -16.99457964 ], [ -62.02738821, -16.99989192 ], [ -62.03039138, -16.99840242 ], [ -62.02930195, -16.99606192 ], [ -62.02709653, -16.996726 ], [ -62.02696348, -16.99564773 ], [ -62.03450375, -16.99691343 ], [ -62.03749347, -17.00136536 ], [ -62.04256481, -16.99927464 ], [ -62.03993281, -16.99808608 ], [ -62.04202862, -16.99617156 ], [ -62.03910714, -16.99658309 ], [ -62.03965019, -16.99342904 ], [ -62.04455715, -16.99613832 ], [ -62.04864464, -16.99415582 ], [ -62.0483516, -16.99734924 ], [ -62.05372419, -16.99336653 ], [ -62.05679602, -16.99685474 ], [ -62.05889861, -16.9941192 ], [ -62.05422115, -16.9912218 ], [ -62.05932463, -16.98701974 ], [ -62.06028765, -16.98889574 ], [ -62.06361053, -16.98640792 ], [ -62.06424476, -16.9875093 ], [ -62.06691331, -16.98591587 ], [ -62.07096952, -16.98647929 ], [ -62.0719308, -16.98401349 ], [ -62.07432798, -16.98726976 ], [ -62.07614416, -16.98585106 ], [ -62.07696021, -16.98737763 ], [ -62.07935888, -16.98676494 ], [ -62.07827315, -16.98868385 ], [ -62.08140514, -16.98627598 ], [ -62.08612692, -16.98565783 ], [ -62.09582866, -16.9766902 ], [ -62.09683564, -16.97946067 ], [ -62.09784052, -16.97893683 ], [ -62.09706406, -16.97432755 ], [ -62.10084325, -16.97366297 ], [ -62.10425679, -16.96930479 ], [ -62.10598725, -16.96986711 ], [ -62.10978631, -16.96741297 ], [ -62.11951267, -16.96761127 ], [ -62.11710562, -16.96562956 ], [ -62.11340665, -16.96654517 ], [ -62.11228648, -16.95996896 ], [ -62.1073391, -16.96182516 ], [ -62.1102536, -16.95738786 ], [ -62.11360532, -16.95773238 ], [ -62.11641485, -16.95554181 ], [ -62.11498038, -16.95395874 ], [ -62.10960296, -16.95429075 ], [ -62.1112734, -16.95006493 ], [ -62.11454486, -16.95014124 ], [ -62.11726575, -16.94662932 ], [ -62.11712064, -16.95112574 ], [ -62.12045606, -16.95322361 ], [ -62.12343047, -16.95218786 ], [ -62.12242328, -16.94938264 ], [ -62.12727131, -16.94703145 ], [ -62.12855053, -16.94321182 ], [ -62.13293634, -16.94219104 ], [ -62.13508531, -16.94332664 ], [ -62.13493164, -16.93872696 ], [ -62.13043131, -16.94042363 ], [ -62.13032706, -16.93788954 ], [ -62.13188423, -16.93575605 ], [ -62.13714096, -16.93502196 ], [ -62.13762199, -16.93162667 ], [ -62.14543626, -16.93336384 ], [ -62.1495205, -16.93109852 ], [ -62.14953741, -16.92818498 ], [ -62.15137466, -16.92862073 ], [ -62.15255088, -16.93184387 ], [ -62.1544399, -16.93011372 ], [ -62.15710494, -16.93152226 ], [ -62.15265765, -16.92663621 ], [ -62.15295287, -16.92544324 ], [ -62.15696343, -16.92724373 ], [ -62.16051908, -16.92336623 ], [ -62.16727631, -16.92206908 ], [ -62.16750927, -16.91984375 ], [ -62.17411807, -16.91648166 ], [ -62.17141094, -16.91621834 ], [ -62.17319576, -16.91478417 ], [ -62.17673954, -16.91388204 ], [ -62.17828926, -16.91683007 ], [ -62.18007339, -16.91409451 ], [ -62.17777, -16.91271261 ], [ -62.18270622, -16.90764956 ], [ -62.18467032, -16.90741757 ], [ -62.18348244, -16.90370064 ], [ -62.18646509, -16.90620469 ], [ -62.18867083, -16.90536317 ], [ -62.18718521, -16.90254177 ], [ -62.18865919, -16.90086665 ], [ -62.190818, -16.90123312 ], [ -62.19050018, -16.90470885 ], [ -62.19241408, -16.90420897 ], [ -62.19357145, -16.90560268 ], [ -62.19411435, -16.90099538 ], [ -62.19577478, -16.90019931 ], [ -62.1965719, -16.90188721 ], [ -62.19729973, -16.8985294 ], [ -62.19862219, -16.89920671 ], [ -62.19878146, -16.90287605 ], [ -62.20246316, -16.90013189 ], [ -62.20100413, -16.90421501 ], [ -62.20333568, -16.9055996 ], [ -62.20792933, -16.90251234 ], [ -62.20880451, -16.90432441 ], [ -62.21185038, -16.90204057 ], [ -62.20890852, -16.90071991 ], [ -62.21001081, -16.89849391 ], [ -62.21213842, -16.89835834 ], [ -62.21181209, -16.89671814 ], [ -62.20739114, -16.89745392 ], [ -62.20901655, -16.89453975 ], [ -62.21441197, -16.89707272 ], [ -62.21599291, -16.89537441 ], [ -62.21327813, -16.89835799 ], [ -62.21465889, -16.9003728 ], [ -62.21674122, -16.89915547 ], [ -62.21726537, -16.89422681 ], [ -62.22207857, -16.89742514 ], [ -62.22265214, -16.8936051 ], [ -62.22808997, -16.89418767 ], [ -62.22719752, -16.8905174 ], [ -62.22118864, -16.89031361 ], [ -62.22297145, -16.88837426 ], [ -62.22690875, -16.88956546 ], [ -62.2279571, -16.88505693 ], [ -61.95823192, -16.55447732 ], [ -61.6412221, -16.55265249 ], [ -61.66097303, -16.98270204 ], [ -61.65674261, -16.98656394 ], [ -61.65547623, -16.98988097 ], [ -61.66310549, -17.00186904 ], [ -61.66080756, -17.008339 ], [ -61.66128401, -17.01349043 ], [ -61.66542014, -17.01873749 ], [ -61.66622066, -17.02220152 ], [ -61.67135701, -17.02744189 ], [ -61.67443109, -17.02809952 ], [ -61.67777361, -17.02254577 ], [ -61.68593221, -17.01470345 ], [ -61.69072385, -17.0168405 ], [ -61.69292079, -17.02116351 ], [ -61.69690804, -17.02209761 ], [ -61.70042014, -17.02521228 ], [ -61.70655346, -17.02717471 ], [ -61.7122252, -17.02548925 ], [ -61.71561807, -17.02673804 ], [ -61.7169306, -17.03052393 ], [ -61.72298568, -17.03264479 ], [ -61.72870386, -17.03272313 ], [ -61.72693117, -17.03133076 ], [ -61.73026553, -17.02717019 ], [ -61.75236482, -17.01744161 ], [ -61.7594292, -17.03196859 ], [ -61.76603642, -17.03118919 ], [ -61.76892599, -17.03320367 ], [ -61.76909984, -17.03552043 ], [ -61.77542843, -17.03607903 ], [ -61.77990934, -17.03840867 ], [ -61.78450552, -17.03754506 ], [ -61.78732978, -17.03926617 ], [ -61.79150429, -17.03678667 ], [ -61.79678287, -17.03687653 ], [ -61.79842541, -17.0354942 ], [ -61.79812715, -17.03357351 ], [ -61.80827549, -17.03219566 ], [ -61.81158773, -17.03363962 ], [ -61.8131199, -17.02832756 ], [ -61.82085261, -17.03373579 ], [ -61.82740033, -17.0346949 ], [ -61.82844551, -17.03163711 ], [ -61.83192492, -17.03010245 ], [ -61.83199401, -17.02767002 ], [ -61.83610313, -17.02689999 ], [ -61.83593202, -17.03055477 ], [ -61.84096522, -17.03101286 ], [ -61.8408289, -17.02903458 ], [ -61.84306185, -17.0303808 ], [ -61.84428846, -17.0291427 ], [ -61.84520215, -17.03190657 ], [ -61.85087904, -17.03386804 ], [ -61.84708693, -17.03963108 ], [ -61.84574037, -17.04500831 ], [ -61.84912132, -17.05038606 ], [ -61.84881077, -17.05634616 ], [ -61.85116059, -17.0584506 ], [ -61.85384452, -17.05756087 ], [ -61.85555657, -17.06158308 ], [ -61.85376737, -17.06466732 ], [ -61.85071342, -17.06333193 ], [ -61.84431953, -17.06666671 ], [ -61.84465117, -17.07098488 ], [ -61.84228258, -17.06770791 ], [ -61.83835038, -17.06969622 ], [ -61.83959676, -17.07597871 ], [ -61.83484029, -17.08170392 ], [ -61.83377085, -17.07902898 ], [ -61.83058967, -17.07870686 ], [ -61.83076518, -17.07021942 ], [ -61.8287666, -17.07217969 ], [ -61.82509129, -17.07080687 ], [ -61.82086199, -17.07364988 ], [ -61.82375329, -17.07376935 ], [ -61.82262045, -17.07762566 ], [ -61.82492646, -17.07998396 ], [ -61.82423375, -17.08298316 ], [ -61.82764389, -17.08268125 ], [ -61.8260297, -17.08479691 ], [ -61.82878305, -17.08524023 ], [ -61.82775136, -17.08794539 ], [ -61.83504017, -17.0867598 ], [ -61.83483928, -17.09214337 ], [ -61.83755606, -17.0917823 ], [ -61.8400413, -17.0948737 ], [ -61.8381376, -17.09830432 ], [ -61.84618827, -17.09993568 ], [ -61.8458727, -17.10260759 ], [ -61.83562264, -17.10084694 ], [ -61.83375601, -17.09760862 ], [ -61.83180272, -17.09943029 ], [ -61.83034647, -17.09646197 ], [ -61.82771073, -17.09741963 ], [ -61.824061, -17.09015985 ], [ -61.81867379, -17.0953188 ], [ -61.81645326, -17.09082073 ], [ -61.81185033, -17.09272608 ], [ -61.80989188, -17.0957433 ], [ -61.80931509, -17.09248637 ], [ -61.80508612, -17.09388035 ], [ -61.80463678, -17.09264507 ], [ -61.80779958, -17.09027757 ], [ -61.80707886, -17.08697671 ], [ -61.80559792, -17.08998706 ], [ -61.80137296, -17.08708102 ], [ -61.79729635, -17.08904753 ], [ -61.79526532, -17.09353723 ], [ -61.79189342, -17.0917226 ], [ -61.78549186, -17.09468756 ], [ -61.7848713, -17.09623694 ], [ -61.78677938, -17.09913015 ], [ -61.78563136, -17.10054903 ], [ -61.78327105, -17.09775419 ], [ -61.77753158, -17.10337679 ], [ -61.77221932, -17.1027159 ], [ -61.77368457, -17.10478769 ], [ -61.77159694, -17.10569086 ], [ -61.77193002, -17.10867535 ], [ -61.76892138, -17.10871771 ], [ -61.76909362, -17.11057777 ], [ -61.76349545, -17.1130478 ], [ -61.76821921, -17.11424606 ], [ -61.76899558, -17.11655751 ], [ -61.76240535, -17.11975423 ], [ -61.75784474, -17.11830061 ], [ -61.75414719, -17.12476757 ], [ -61.74881377, -17.12431327 ], [ -61.7430487, -17.12064576 ], [ -61.73984621, -17.12206997 ], [ -61.73868001, -17.12544323 ], [ -61.73377096, -17.12617827 ], [ -61.72882595, -17.13079956 ], [ -61.72136956, -17.13053489 ], [ -61.71735023, -17.14105229 ], [ -61.71526129, -17.1387818 ], [ -61.71103321, -17.13877108 ], [ -61.7117139, -17.13641642 ], [ -61.70896651, -17.13638526 ], [ -61.69531076, -17.14158518 ], [ -61.68729064, -17.14197073 ], [ -61.6734948, -17.1490334 ], [ -61.67026603, -17.1519513 ], [ -61.67043688, -17.15537488 ], [ -61.67404756, -17.16514373 ], [ -61.67764619, -17.16615251 ], [ -61.67608357, -17.17026643 ], [ -61.67360403, -17.16901251 ], [ -61.67100876, -17.17118603 ], [ -61.66533402, -17.17192966 ], [ -61.66598984, -17.17902548 ], [ -61.65971803, -17.18299595 ], [ -61.65778663, -17.18325194 ], [ -61.64261607, -17.17041951 ], [ -61.63985776, -17.17132265 ], [ -61.63678462, -17.17593127 ], [ -61.63448963, -17.17358714 ], [ -61.63113697, -17.17470341 ], [ -61.6295138, -17.18086018 ], [ -61.63022061, -17.18416396 ], [ -61.61615497, -17.19194642 ], [ -61.61326521, -17.18976926 ], [ -61.61432573, -17.1844464 ], [ -61.60782444, -17.1795707 ], [ -61.60330372, -17.17876717 ], [ -61.60392435, -17.17669118 ], [ -61.59910573, -17.17071693 ], [ -61.59714738, -17.17062236 ], [ -61.59616906, -17.17481754 ], [ -61.5920745, -17.17361807 ], [ -61.58903266, -17.18114617 ], [ -61.59408219, -17.18435893 ], [ -61.59579117, -17.18976783 ], [ -61.59856162, -17.19196945 ], [ -61.5996343, -17.18975082 ], [ -61.60529655, -17.18808212 ], [ -61.60380827, -17.19775534 ], [ -61.60501768, -17.20328437 ], [ -61.61019802, -17.20741521 ], [ -61.61121057, -17.21448691 ], [ -61.61014775, -17.2237878 ], [ -61.60660722, -17.22111145 ], [ -61.60334008, -17.22144447 ], [ -61.60234188, -17.22600776 ], [ -61.59785139, -17.22794003 ], [ -61.59228464, -17.22762991 ], [ -61.59076039, -17.2300601 ], [ -61.58350809, -17.22850251 ], [ -61.58097293, -17.23023023 ], [ -61.58025136, -17.23187025 ], [ -61.58436899, -17.23702445 ], [ -61.58485394, -17.24607914 ], [ -61.57998797, -17.24654321 ], [ -61.58050757, -17.25235536 ], [ -61.57280895, -17.25363018 ], [ -61.57119908, -17.25698082 ], [ -61.56856633, -17.25745175 ], [ -61.77954217, -17.34153767 ], [ -62.04706816, -17.38067967 ], [ -62.54031005, -17.46142414 ], [ -62.62072872, -17.4660228 ], [ -62.63104424, -17.52071882 ], [ -62.65186503, -17.52537535 ], [ -62.68992517, -17.49294337 ], [ -62.71515481, -17.49031465 ], [ -62.78405539, -17.5007376 ], [ -62.78495329, -17.50463618 ], [ -62.87791813, -17.56847052 ], [ -62.9420008, -17.59822046 ], [ -62.96984032, -17.6087136 ], [ -62.99589862, -17.62270531 ], [ -63.03154205, -17.63759974 ], [ -63.05976745, -17.64494786 ], [ -63.08719613, -17.65693953 ], [ -63.1509638, -17.66810808 ], [ -63.19203645, -17.67815194 ], [ -63.2069884, -17.68473614 ], [ -63.20107433, -17.70405157 ], [ -63.20042134, -17.7132916 ], [ -63.20828192, -17.73282119 ], [ -63.21215978, -17.73852771 ], [ -63.21504686, -17.76673139 ], [ -63.22718862, -17.77925938 ], [ -63.23186975, -17.78687103 ], [ -63.23388511, -17.79995613 ], [ -63.24568812, -17.80484552 ], [ -63.2528897, -17.81304378 ], [ -63.26496909, -17.81631648 ], [ -63.27041517, -17.82115463 ], [ -63.27639707, -17.82314619 ], [ -63.27701429, -17.82702793 ], [ -63.27419369, -17.83133456 ], [ -63.27808932, -17.83526018 ], [ -63.28706369, -17.83699767 ], [ -63.28442018, -17.83866843 ], [ -63.28665775, -17.84670771 ], [ -63.28186273, -17.84709448 ], [ -63.27547449, -17.84442401 ], [ -63.26777967, -17.836829 ], [ -63.26323458, -17.83480001 ], [ -63.257146, -17.83614348 ], [ -63.25022516, -17.83298706 ], [ -63.24398236, -17.8348744 ], [ -63.22798955, -17.84791276 ], [ -63.22538666, -17.87287591 ], [ -63.2177984, -17.87364795 ], [ -63.20938259, -17.8806733 ], [ -63.20153006, -17.88208638 ], [ -63.19185735, -17.8905726 ], [ -63.19124648, -17.89349964 ], [ -63.18737064, -17.89414534 ], [ -63.18596804, -17.89816325 ], [ -63.17980824, -17.89961628 ], [ -63.17550568, -17.90518316 ], [ -63.17547031, -17.90730638 ], [ -63.16971087, -17.91149935 ], [ -63.16319462, -17.91371864 ], [ -63.15755502, -17.91955234 ], [ -63.15505878, -17.92046051 ], [ -63.15274208, -17.91862561 ], [ -63.146417, -17.91811276 ], [ -63.13086318, -17.93094025 ], [ -63.12927875, -17.92904734 ], [ -63.12048081, -17.93047436 ], [ -63.11816422, -17.93331007 ], [ -63.10050805, -17.93240984 ], [ -63.09361689, -17.94183429 ], [ -63.07940909, -17.94852777 ], [ -63.07319778, -17.94609686 ], [ -63.06793945, -17.9482783 ], [ -63.06527489, -17.9472917 ], [ -63.0593791, -17.95262909 ], [ -63.05913835, -17.95453425 ], [ -63.05570438, -17.95647414 ], [ -63.05418006, -17.9558201 ], [ -63.054491, -17.9589073 ], [ -63.05183699, -17.96139795 ], [ -63.04907611, -17.96082429 ], [ -63.04957953, -17.96274086 ], [ -63.0466614, -17.96495601 ], [ -63.04038293, -17.96456596 ], [ -63.0410055, -17.96828441 ], [ -63.03539837, -17.96961569 ], [ -63.03369169, -17.9734833 ], [ -63.03018678, -17.97206007 ], [ -63.029706, -17.97312738 ], [ -63.03196234, -17.97455058 ], [ -63.03062903, -17.9758474 ], [ -63.01495023, -17.97456074 ], [ -63.01786517, -17.97873858 ], [ -63.01190911, -17.98048231 ], [ -63.00811547, -17.98002269 ], [ -63.00495977, -17.97715301 ], [ -63.00029642, -17.97819895 ], [ -62.98511794, -18.01772109 ], [ -62.81639856, -18.01717922 ], [ -62.39787166, -18.06709603 ], [ -61.6492337, -18.18878489 ], [ -61.28849688, -18.2435008 ], [ -60.11751258, -18.41660965 ], [ -60.10184321, -18.19516807 ], [ -60.09693223, -18.18673237 ], [ -60.07880237, -18.09453471 ], [ -60.07770215, -18.08354325 ], [ -60.07898333, -18.07859262 ], [ -60.07559364, -18.07103796 ], [ -60.07468364, -18.06356913 ], [ -60.07331764, -18.02869435 ], [ -60.06672474, -18.01292949 ], [ -60.05764661, -18.00700764 ], [ -60.05625042, -18.00384147 ], [ -60.06178252, -17.9893717 ], [ -60.06726342, -17.98441031 ], [ -60.06091162, -17.97451101 ], [ -60.0609431, -17.96562005 ], [ -60.05894381, -17.9610884 ], [ -60.0558641, -17.95794693 ], [ -60.05178704, -17.95943187 ], [ -60.04878914, -17.95656615 ], [ -60.04862641, -17.95015373 ], [ -60.04577409, -17.94710553 ], [ -60.04344606, -17.93723691 ], [ -60.0444756, -17.93452608 ], [ -60.0391279, -17.93172378 ], [ -60.03543774, -17.92568751 ], [ -60.03163951, -17.92400867 ], [ -60.03206074, -17.920938 ], [ -60.02738925, -17.91762421 ], [ -60.02630144, -17.91439357 ], [ -60.0229228, -17.91275203 ], [ -60.02175298, -17.90945863 ], [ -60.02298806, -17.90552994 ], [ -60.02076349, -17.89723038 ], [ -60.01933352, -17.89623371 ], [ -60.01911649, -17.89242218 ], [ -60.01611947, -17.88931759 ], [ -60.01403707, -17.88182476 ], [ -60.01229151, -17.88131892 ], [ -60.00833785, -17.87427741 ], [ -60.00068267, -17.87226731 ], [ -59.99962185, -17.868861 ], [ -59.99691968, -17.86855356 ], [ -59.99621604, -17.86108199 ], [ -59.98714581, -17.85581885 ], [ -59.99138205, -17.84984333 ], [ -59.98777525, -17.84894672 ], [ -59.98850878, -17.84459053 ], [ -59.98518513, -17.84210091 ], [ -59.98477722, -17.83894228 ], [ -59.9817408, -17.83784578 ], [ -59.98065468, -17.8356743 ], [ -59.97582603, -17.83479643 ], [ -59.97320579, -17.8297043 ], [ -59.97323356, -17.8261222 ], [ -59.96801004, -17.82064178 ], [ -59.96235548, -17.82012648 ], [ -59.95827528, -17.81766052 ], [ -59.95799355, -17.81411151 ], [ -59.95601224, -17.81192884 ], [ -59.95595842, -17.8013881 ], [ -59.95192703, -17.79722848 ], [ -59.94857611, -17.79847346 ], [ -59.94490002, -17.79465853 ], [ -59.94307338, -17.78927089 ], [ -59.93254528, -17.79706106 ], [ -59.92515537, -17.80010456 ], [ -59.89832977, -17.80123762 ], [ -59.87616687, -17.8074034 ], [ -59.83563844, -17.8104352 ], [ -59.81094331, -17.80293868 ], [ -59.79240355, -17.79390839 ], [ -59.76558684, -17.78846202 ], [ -59.75023799, -17.77853306 ], [ -59.73718608, -17.77843395 ], [ -59.7276667, -17.77614837 ], [ -59.70962263, -17.7673322 ], [ -59.70127036, -17.75189713 ], [ -59.69587923, -17.73176942 ], [ -59.69046425, -17.70122959 ], [ -59.68911212, -17.68235855 ], [ -59.68362477, -17.67336676 ], [ -59.66513906, -17.66861578 ], [ -59.65331749, -17.66357687 ], [ -59.63208484, -17.64975252 ], [ -59.6065111, -17.64264209 ], [ -59.58707045, -17.64024119 ], [ -59.58057761, -17.6428855 ], [ -59.57656517, -17.64087933 ], [ -59.56677091, -17.6443159 ], [ -59.55859064, -17.64255021 ], [ -59.52580239, -17.64669239 ], [ -59.51955432, -16.96902756 ], [ -59.49555152, -16.27925461 ], [ -59.18409309, -16.29220134 ], [ -59.15315704, -16.29467952 ], [ -59.00229176, -16.30040853 ], [ -59.00128015, -16.29939139 ], [ -58.43114683, -16.32242889 ], [ -58.40115294, -16.305472 ], [ -58.39581636, -16.2987876 ], [ -58.39154045, -16.28656369 ], [ -58.39053051, -16.27711049 ], [ -58.3919501, -16.27091639 ], [ -58.38895953, -16.26284621 ], [ -58.38193609, -16.26747204 ], [ -58.36550134, -16.27420714 ], [ -58.3531024, -16.27063325 ], [ -58.34708237, -16.27444259 ], [ -58.33921942, -16.27378787 ], [ -58.32887037, -16.27124342 ], [ -58.32473323, -16.26681986 ], [ -58.32198702, -16.26600192 ], [ -58.3174034, -16.29258397 ], [ -58.30369986, -16.30973623 ], [ -58.30397053, -16.33041627 ], [ -58.3070953, -16.33902812 ], [ -58.30958341, -16.36144403 ], [ -58.30764014, -16.37183512 ], [ -58.31606776, -16.37343249 ], [ -58.32018451, -16.37812231 ], [ -58.32789709, -16.38036722 ], [ -58.33479002, -16.39090045 ], [ -58.34001112, -16.38747046 ], [ -58.34612856, -16.38986523 ], [ -58.34759098, -16.3954787 ], [ -58.34548306, -16.39653102 ], [ -58.34508084, -16.39978197 ], [ -58.35222527, -16.41209315 ], [ -58.35261331, -16.41876878 ], [ -58.35616247, -16.42667389 ], [ -58.35389519, -16.43459674 ], [ -58.35484847, -16.44039147 ], [ -58.34791059, -16.45727183 ], [ -58.34286292, -16.46231089 ], [ -58.33389284, -16.4844371 ], [ -58.33812915, -16.51628182 ], [ -58.39501444, -16.56484526 ], [ -58.40177325, -16.56882834 ], [ -58.42190645, -16.57524703 ], [ -58.4278723, -16.58667763 ], [ -58.43515245, -16.59450802 ], [ -58.45928523, -16.65281287 ], [ -58.46078769, -16.66826263 ], [ -58.46714604, -16.69488963 ], [ -58.46891109, -16.71205656 ], [ -58.46701791, -16.71423257 ], [ -58.47027979, -16.73166075 ], [ -58.47136078, -16.75028727 ], [ -58.46712972, -16.75387172 ], [ -58.4679329, -16.75679936 ], [ -58.46557213, -16.75920508 ], [ -58.46673761, -16.77129075 ], [ -58.46947984, -16.77455453 ], [ -58.46611926, -16.77698148 ], [ -58.4670638, -16.78068969 ], [ -58.46549988, -16.78317714 ], [ -58.46053334, -16.78522253 ], [ -58.4585035, -16.78853534 ], [ -58.46124853, -16.79049101 ], [ -58.45961119, -16.79389633 ], [ -58.46098758, -16.79591843 ], [ -58.46981182, -16.79307639 ], [ -58.47272318, -16.79526168 ], [ -58.47866798, -16.82275512 ], [ -58.47670073, -16.83061244 ], [ -58.46994514, -16.83394038 ], [ -58.46202992, -16.8410204 ], [ -58.46884589, -16.85050162 ], [ -58.46194535, -16.85113894 ], [ -58.46119093, -16.85369698 ], [ -58.4687139, -16.85914879 ], [ -58.46062914, -16.86233584 ], [ -58.46009528, -16.86415639 ], [ -58.46785537, -16.86646761 ], [ -58.46754197, -16.8718968 ], [ -58.46418994, -16.87771637 ], [ -58.4691877, -16.88494585 ], [ -58.46392017, -16.89141199 ], [ -58.47054031, -16.89755449 ], [ -58.46862994, -16.89921405 ], [ -58.4628372, -16.8990314 ], [ -58.46053491, -16.90198029 ], [ -58.46603184, -16.91181605 ], [ -58.47709552, -16.91372284 ], [ -58.47194955, -16.92198795 ], [ -58.4764978, -16.93813647 ], [ -58.47143808, -16.93954242 ], [ -58.46879202, -16.9428044 ], [ -58.45982265, -16.93892723 ], [ -58.45751707, -16.94007102 ], [ -58.45802186, -16.94635646 ], [ -58.46239269, -16.9511301 ], [ -58.46157625, -16.95780471 ], [ -58.46295114, -16.96247402 ], [ -58.45568973, -16.96910432 ], [ -58.44921179, -16.96794479 ], [ -58.44708331, -16.96890321 ], [ -58.4485134, -16.97598671 ], [ -58.44492641, -16.98547554 ], [ -58.43784266, -16.98621722 ], [ -58.43123893, -16.99173819 ], [ -58.42538571, -16.98819339 ], [ -58.42315862, -16.98880738 ], [ -58.42683647, -17.00238245 ], [ -58.43298544, -17.00476621 ], [ -58.43506293, -17.00800209 ], [ -58.43229979, -17.02297772 ], [ -58.43478783, -17.02825896 ], [ -58.43096544, -17.02971078 ], [ -58.42089333, -17.02924706 ], [ -58.41800824, -17.03251774 ], [ -58.41735304, -17.03750941 ], [ -58.43092014, -17.03590043 ], [ -58.43393576, -17.03766029 ], [ -58.43423562, -17.04064152 ], [ -58.43077796, -17.04756766 ], [ -58.42202644, -17.05083509 ], [ -58.43234964, -17.05984616 ], [ -58.43133067, -17.06555287 ], [ -58.39949931, -17.08376411 ], [ -58.40004595, -17.1506855 ], [ -58.39739331, -17.18637645 ], [ -58.36657317, -17.20144651 ], [ -58.35428392, -17.21380787 ], [ -58.34716511, -17.23155041 ], [ -58.33472254, -17.23893829 ], [ -58.32053828, -17.25361053 ], [ -58.31976078, -17.25654872 ], [ -58.32209793, -17.26169662 ], [ -58.32017773, -17.265701 ], [ -58.31628199, -17.26848609 ], [ -58.30815517, -17.26749782 ], [ -58.30423834, -17.26988365 ], [ -58.30428622, -17.27925536 ], [ -58.30237986, -17.28145454 ], [ -58.29675099, -17.28293148 ], [ -58.29263507, -17.28788702 ], [ -58.29267813, -17.2901777 ], [ -58.29737548, -17.29181324 ], [ -58.29999132, -17.29873798 ], [ -58.29643911, -17.30155196 ], [ -58.29149814, -17.3026573 ], [ -58.28550359, -17.29940388 ], [ -58.27806852, -17.30034594 ], [ -58.27655629, -17.30497146 ], [ -58.28013523, -17.31940457 ], [ -58.27787307, -17.32052824 ], [ -58.27686455, -17.32536524 ], [ -58.26739278, -17.32793013 ], [ -58.26393742, -17.33145861 ], [ -58.2625615, -17.33432987 ], [ -58.26508592, -17.34516487 ], [ -58.25752445, -17.34669405 ], [ -58.25521623, -17.35403977 ], [ -58.25133457, -17.35546579 ], [ -58.24807018, -17.35307338 ], [ -58.24643519, -17.35520825 ], [ -58.24077467, -17.34958014 ], [ -58.23408437, -17.35150403 ], [ -58.22901685, -17.34823095 ], [ -58.2264996, -17.35090227 ], [ -58.22862975, -17.35720859 ], [ -58.21905773, -17.36085257 ], [ -58.20905783, -17.35507024 ], [ -58.20291036, -17.35434956 ], [ -58.19652075, -17.36047961 ], [ -58.19603958, -17.36690529 ], [ -58.19361846, -17.37073175 ], [ -58.1940134, -17.37399459 ], [ -58.20063221, -17.38334429 ], [ -58.20127203, -17.38781408 ], [ -58.19975201, -17.39026039 ], [ -58.19287572, -17.39262938 ], [ -58.18126701, -17.39212031 ], [ -58.15708492, -17.38502047 ], [ -58.15262379, -17.38899108 ], [ -58.15552546, -17.40198832 ], [ -58.15133916, -17.40968345 ], [ -58.14076578, -17.41639966 ], [ -58.12799839, -17.41211716 ], [ -58.12280958, -17.41427119 ], [ -58.11991359, -17.42455195 ], [ -58.12165369, -17.44593036 ], [ -58.12029795, -17.45023437 ], [ -58.10609467, -17.45418835 ], [ -58.09255221, -17.46277941 ], [ -58.07462477, -17.45564365 ], [ -58.07019194, -17.45113671 ], [ -58.06761162, -17.45199422 ], [ -58.06728063, -17.4537927 ], [ -58.05585887, -17.45819692 ], [ -58.05100604, -17.46261281 ], [ -58.04655346, -17.47451014 ], [ -58.04382132, -17.4858984 ], [ -58.04418321, -17.49231775 ], [ -58.02992746, -17.49653238 ], [ -58.02292564, -17.49505305 ], [ -58.01717957, -17.5000196 ], [ -58.01442306, -17.49861194 ], [ -58.01159643, -17.49922006 ], [ -58.00692946, -17.50631406 ], [ -57.99988246, -17.50638797 ], [ -58.00002533, -17.51279692 ], [ -57.99707493, -17.51539718 ], [ -57.97224571, -17.5059866 ], [ -57.96998397, -17.50637471 ], [ -57.96954204, -17.51451022 ], [ -57.88779653, -17.45279414 ], [ -57.75125872, -17.55068332 ], [ -57.73816333, -17.56144065 ], [ -57.7370909, -17.56477223 ], [ -57.73846399, -17.56863981 ], [ -57.74486103, -17.57541805 ], [ -57.75129368, -17.57900492 ], [ -57.75263286, -17.58234344 ], [ -57.75869475, -17.58512775 ], [ -57.75798919, -17.58897775 ], [ -57.75949812, -17.5914155 ], [ -57.78425665, -17.60818907 ], [ -57.78406629, -17.61138008 ], [ -57.78111297, -17.61589639 ], [ -57.77547172, -17.61247746 ], [ -57.77301174, -17.61304869 ], [ -57.77203898, -17.61532273 ], [ -57.77407489, -17.62599679 ], [ -57.78216637, -17.6353206 ], [ -57.78351045, -17.63925828 ], [ -57.78100044, -17.64606694 ], [ -57.77698476, -17.65005926 ], [ -57.77533277, -17.65765308 ], [ -57.7622143, -17.66155728 ], [ -57.75858865, -17.66810367 ], [ -57.75181079, -17.69097444 ], [ -57.74800024, -17.69476065 ], [ -57.74138665, -17.69474746 ], [ -57.73206751, -17.71855516 ], [ -57.72743764, -17.72157262 ], [ -57.72066285, -17.72135554 ], [ -57.71098409, -17.73078655 ], [ -57.71320031, -17.77555313 ], [ -57.68514072, -17.81063724 ], [ -57.68445998, -17.83074325 ], [ -57.72287928, -17.83021237 ], [ -57.60114649, -18.04362613 ], [ -57.57973637, -18.12008346 ], [ -57.508198, -18.19872881 ], [ -57.50404032, -18.19885848 ], [ -57.5037188, -18.19607418 ], [ -57.49907452, -18.1959015 ], [ -57.49256101, -18.20123366 ], [ -57.48143496, -18.20010638 ], [ -57.47902327, -18.20242343 ], [ -57.47867318, -18.20704635 ], [ -57.47626733, -18.21155883 ], [ -57.47216517, -18.2148044 ], [ -57.46975997, -18.21966345 ], [ -57.46469416, -18.22441339 ], [ -57.45792914, -18.22685624 ], [ -57.45443328, -18.2310244 ], [ -57.45710684, -18.23610229 ], [ -57.50268344, -18.23771204 ], [ -57.55969149, -18.24213944 ], [ -57.76718374, -18.90054787 ], [ -57.74461884, -18.90057582 ], [ -57.71874931, -18.89839503 ], [ -57.71967276, -18.97811005 ], [ -57.71137148, -18.97873257 ], [ -57.70284976, -18.98812594 ], [ -57.70191799, -18.99318432 ], [ -57.69665775, -18.99776941 ], [ -57.6996043, -19.00629098 ], [ -57.69120187, -19.01149538 ], [ -57.69666941, -19.01074045 ], [ -57.70186326, -19.01675575 ], [ -57.70770858, -19.02592956 ], [ -57.71096856, -19.0347938 ], [ -57.78367359, -19.03523858 ], [ -57.86221965, -19.20160991 ], [ -58.13138199, -19.75837267 ], [ -58.00117442, -19.86279366 ], [ -57.85910641, -19.97174981 ], [ -57.86785976, -19.99108428 ], [ -57.89217216, -20.02225403 ], [ -57.90288448, -20.04349551 ], [ -57.90710638, -20.04256152 ], [ -57.92027595, -20.03008517 ], [ -57.93451, -20.02027501 ], [ -57.94641199, -20.01906328 ], [ -57.95689494, -20.02263496 ], [ -57.96693003, -20.03308879 ], [ -57.9733264, -20.05165527 ], [ -57.98301307, -20.05819216 ], [ -57.98561156, -20.05913299 ], [ -57.99713388, -20.05659965 ], [ -58.01821049, -20.05775486 ], [ -58.02519062, -20.05857293 ], [ -58.03016388, -20.06186664 ], [ -58.03651199, -20.07041158 ], [ -58.03901901, -20.07695952 ], [ -58.04129587, -20.09236865 ], [ -58.04347128, -20.0975221 ], [ -58.05054024, -20.10689014 ], [ -58.05532044, -20.10828559 ], [ -58.07161723, -20.10459086 ], [ -58.09374532, -20.10868085 ], [ -58.1071831, -20.12759004 ], [ -58.11196409, -20.13967236 ], [ -58.11765557, -20.14634555 ], [ -58.13433212, -20.15177888 ], [ -58.15186916, -20.1527411 ], [ -58.16982953, -20.16586297 ], [ -58.16721578, -20.15272265 ], [ -58.15935701, -20.14536707 ], [ -58.14544148, -20.13974222 ], [ -58.14196258, -20.12832536 ], [ -58.13761322, -20.12403267 ], [ -58.13694261, -20.11869153 ], [ -58.14459993, -20.09783719 ], [ -58.15449026, -20.08529599 ], [ -58.15282249, -20.0754263 ], [ -58.15807242, -20.0751116 ], [ -58.15965704, -20.07709453 ], [ -58.16209918, -20.07666255 ], [ -58.1604064, -20.07301463 ], [ -58.16487329, -20.06505279 ], [ -58.1633499, -20.05693953 ], [ -58.1668451, -20.05079312 ], [ -58.16173321, -20.04901382 ], [ -58.15678581, -20.04386411 ], [ -58.16785818, -20.03590116 ], [ -58.17508903, -20.02836104 ], [ -58.17366988, -20.02155407 ], [ -58.17741699, -20.01358782 ], [ -58.1764867, -20.00477473 ], [ -58.18548261, -19.97118965 ], [ -58.19204701, -19.96153715 ], [ -58.20075997, -19.96187061 ], [ -58.21005172, -19.95651304 ], [ -58.21314134, -19.95374667 ], [ -58.21312336, -19.9513937 ], [ -58.20203202, -19.93813485 ], [ -58.19594362, -19.9281752 ], [ -58.20033192, -19.90520275 ], [ -58.20483628, -19.89772077 ], [ -58.20514555, -19.88379605 ], [ -58.20367682, -19.88145287 ], [ -58.20189299, -19.86479694 ], [ -58.19752151, -19.86227714 ], [ -58.1920656, -19.85329336 ], [ -58.17811537, -19.84456177 ], [ -58.17434722, -19.83489353 ], [ -58.16783517, -19.83133106 ], [ -58.16475887, -19.82707912 ], [ -58.23544106, -19.77548402 ], [ -58.50112746, -19.65016693 ], [ -58.64057794, -19.58638186 ], [ -58.74426718, -19.53638831 ], [ -58.82349052, -19.49690594 ], [ -58.99964429, -19.40154049 ], [ -59.09957033, -19.3494332 ], [ -59.11449208, -19.34400764 ], [ -59.24974367, -19.3407884 ], [ -59.64569111, -19.31248396 ], [ -59.88384288, -19.30011876 ], [ -59.93276248, -19.29883068 ], [ -59.97691828, -19.29517273 ], [ -60.60099847, -19.45593368 ], [ -61.12220556, -19.53913249 ], [ -61.7354711, -19.6341782 ], [ -61.83284788, -19.87418823 ], [ -61.92240491, -20.08923951 ], [ -62.17719271, -20.43913667 ], [ -62.19183641, -20.4625229 ], [ -62.69866254, -20.46269118 ], [ -63.35745372, -20.46060077 ], [ -63.35957288, -20.44848894 ], [ -63.35792215, -20.44571897 ], [ -63.36079586, -20.43616362 ], [ -63.35707204, -20.43360761 ], [ -63.35228915, -20.42329876 ], [ -63.35158571, -20.4183652 ], [ -63.35611905, -20.41431828 ], [ -63.35458546, -20.40583812 ], [ -63.356653, -20.40195932 ], [ -63.35625768, -20.39308797 ], [ -63.36822526, -20.39643533 ], [ -63.37119385, -20.39541202 ], [ -63.39084767, -20.39977615 ], [ -63.39302948, -20.3944899 ], [ -63.39261199, -20.38655098 ], [ -63.38769157, -20.37876484 ], [ -63.38816796, -20.37253677 ], [ -63.39039752, -20.37130067 ], [ -63.39269259, -20.37179763 ], [ -63.39657441, -20.38116462 ], [ -63.39604893, -20.38365822 ], [ -63.3985991, -20.38545162 ], [ -63.39798538, -20.39023056 ], [ -63.40111404, -20.39364082 ], [ -63.39947638, -20.39490991 ], [ -63.39906963, -20.40276536 ], [ -63.40307037, -20.40508154 ], [ -63.404265, -20.4086137 ], [ -63.4026649, -20.41018122 ], [ -63.40426479, -20.41067973 ], [ -63.40285404, -20.41182249 ], [ -63.40342693, -20.41508137 ], [ -63.40696203, -20.41651504 ], [ -63.4093946, -20.42215529 ], [ -63.40633808, -20.42475021 ], [ -63.41400675, -20.43096793 ], [ -63.41581046, -20.4374831 ], [ -63.41867233, -20.44080215 ], [ -63.43105999, -20.43997398 ], [ -63.43857057, -20.43722352 ], [ -63.44419481, -20.44311486 ], [ -63.45485497, -20.44809033 ], [ -63.45933349, -20.44786569 ], [ -63.46544983, -20.45466144 ], [ -63.47024332, -20.45405632 ], [ -63.47947337, -20.45739413 ], [ -63.48669555, -20.45814488 ], [ -63.4902942, -20.45713084 ], [ -63.4965401, -20.45998651 ], [ -63.50705826, -20.45652602 ], [ -63.51511998, -20.46296734 ], [ -63.51955299, -20.4602933 ], [ -63.52412999, -20.46009959 ], [ -63.52885849, -20.45674555 ], [ -63.53430465, -20.45678935 ], [ -63.53749257, -20.45250115 ], [ -63.54088131, -20.45454056 ], [ -63.54773557, -20.45141822 ], [ -63.55787197, -20.45248075 ], [ -63.5600758, -20.45065757 ], [ -63.57420961, -20.44769317 ], [ -63.58126734, -20.44849643 ], [ -63.58209536, -20.44590777 ], [ -63.58410167, -20.44561053 ], [ -63.58408963, -20.44303759 ], [ -63.58709763, -20.44309135 ], [ -63.58761536, -20.44505294 ], [ -63.59016922, -20.4447184 ], [ -63.58875569, -20.44718369 ], [ -63.59070149, -20.44625188 ], [ -63.59525915, -20.44988448 ], [ -63.59716648, -20.45454979 ], [ -63.59879977, -20.45362033 ], [ -63.60277169, -20.45509877 ], [ -63.60856797, -20.46003919 ], [ -63.62432383, -20.46601116 ], [ -63.6415353, -20.46522353 ], [ -63.65021133, -20.46774125 ], [ -63.65534429, -20.47269321 ], [ -63.68103126, -20.47321196 ], [ -63.68790945, -20.46879385 ], [ -63.68999588, -20.46351622 ], [ -63.6907606, -20.42880488 ], [ -63.69346884, -20.42369641 ], [ -63.6955415, -20.39831796 ], [ -63.69258751, -20.38150456 ], [ -63.69343537, -20.37927606 ], [ -63.69202685, -20.37824956 ], [ -63.69422393, -20.36961288 ], [ -63.69290163, -20.36828378 ], [ -63.69236596, -20.34538772 ], [ -63.69470638, -20.33108005 ], [ -63.69693807, -20.32971035 ], [ -63.69606386, -20.32104027 ], [ -63.69834239, -20.30736076 ], [ -63.69630934, -20.2987376 ], [ -63.69871284, -20.29573858 ], [ -63.7007644, -20.28177944 ], [ -63.69429286, -20.2772548 ], [ -63.69662298, -20.27697434 ], [ -63.69686676, -20.27435161 ], [ -63.70175936, -20.26866669 ], [ -63.69963333, -20.2645768 ], [ -63.70493913, -20.26028837 ], [ -63.70245872, -20.25730559 ], [ -63.70624223, -20.25698816 ], [ -63.7075693, -20.25429014 ], [ -63.70349846, -20.24897613 ], [ -63.70826182, -20.20684081 ], [ -63.70698159, -20.20441469 ], [ -63.7085083, -20.20028529 ], [ -63.70473058, -20.18907292 ], [ -63.69848412, -20.17995744 ], [ -63.69713485, -20.1734236 ], [ -63.698629, -20.16095244 ], [ -63.69307928, -20.15562008 ], [ -63.69164592, -20.14944994 ], [ -63.70013603, -20.14664233 ], [ -63.70076262, -20.13909226 ], [ -63.70442077, -20.13098803 ], [ -63.7072995, -20.12815664 ], [ -63.71334198, -20.12541188 ], [ -63.71583569, -20.12585182 ], [ -63.72621253, -20.11658243 ], [ -63.72645383, -20.11206352 ], [ -63.7238114, -20.10749303 ], [ -63.72735649, -20.10560087 ], [ -63.7261066, -20.08776102 ], [ -63.7281634, -20.07107193 ], [ -63.72552332, -20.06575772 ], [ -63.72894682, -20.05795001 ], [ -63.72802225, -20.04710154 ], [ -63.72941114, -20.04061694 ], [ -63.73178672, -20.03888257 ], [ -63.73228678, -20.02724746 ], [ -63.72840903, -20.02098112 ], [ -63.73046919, -20.01330794 ], [ -63.72856097, -20.0074231 ], [ -63.72947794, -20.00367976 ], [ -63.7269095, -20.00004846 ], [ -63.72780175, -19.99540421 ], [ -63.72669071, -19.9923872 ], [ -63.72802313, -19.98936601 ], [ -63.72173117, -19.96899895 ], [ -63.72184096, -19.9613714 ], [ -63.71635746, -19.95199206 ], [ -63.71497158, -19.93547022 ], [ -63.71773211, -19.92066831 ], [ -63.71592613, -19.91557108 ], [ -63.71981503, -19.90801732 ], [ -63.71742674, -19.88722021 ], [ -63.71306586, -19.87924533 ], [ -63.71317799, -19.87287561 ], [ -63.70999885, -19.86688849 ], [ -63.70900659, -19.86108085 ], [ -63.71199001, -19.83393059 ], [ -63.71582157, -19.82674648 ], [ -63.7203879, -19.81042959 ], [ -63.71998473, -19.79910962 ], [ -63.71638972, -19.79166174 ], [ -63.71974706, -19.77786236 ], [ -63.71942633, -19.76182602 ], [ -63.72161742, -19.75369615 ], [ -63.71818872, -19.74256734 ], [ -63.71829327, -19.73276646 ], [ -63.72029305, -19.72907669 ], [ -63.71793479, -19.72366663 ], [ -63.71696153, -19.70010588 ], [ -63.71406395, -19.6913819 ], [ -63.71414993, -19.684917 ], [ -63.71153688, -19.67388113 ], [ -63.70088299, -19.65464906 ], [ -63.70139626, -19.64506892 ], [ -63.70712288, -19.63652811 ], [ -63.70450608, -19.6254808 ], [ -63.70549714, -19.61355014 ], [ -63.700229, -19.60932778 ], [ -63.69805175, -19.60195277 ], [ -63.69408921, -19.60261037 ], [ -63.69355457, -19.5954336 ], [ -63.69221715, -19.59442703 ], [ -63.6975417, -19.58855785 ], [ -63.70222826, -19.586696 ], [ -63.70456843, -19.57663367 ], [ -63.71015232, -19.57293318 ], [ -63.71188906, -19.55608561 ], [ -63.71034831, -19.55262209 ], [ -63.71358299, -19.55032959 ], [ -63.71155017, -19.54817089 ], [ -63.71151943, -19.54503359 ], [ -63.70936149, -19.54615201 ], [ -63.70812304, -19.54347779 ], [ -63.71053701, -19.5362188 ], [ -63.70724569, -19.52811048 ], [ -63.70976958, -19.51290823 ], [ -63.70843861, -19.50966047 ], [ -63.70101779, -19.5039818 ], [ -63.7036084, -19.49483539 ], [ -63.70261323, -19.484943 ], [ -63.70441204, -19.48034789 ], [ -63.70505932, -19.46983712 ], [ -63.71695494, -19.43915357 ], [ -63.7140902, -19.42652419 ], [ -63.71443619, -19.42386372 ], [ -63.71904215, -19.41935241 ], [ -63.71674292, -19.40995016 ], [ -63.71994266, -19.39760011 ], [ -63.72446298, -19.3930778 ], [ -63.71742672, -19.38078636 ], [ -63.71303187, -19.37653125 ], [ -63.71859238, -19.3701459 ], [ -63.72011172, -19.36560982 ], [ -63.72545826, -19.3636483 ], [ -63.72897052, -19.34934816 ], [ -63.72320546, -19.34448399 ], [ -63.72533055, -19.34014995 ], [ -63.72175549, -19.33701728 ], [ -63.72540148, -19.32600678 ], [ -63.72459276, -19.28421111 ], [ -63.72635747, -19.27110666 ], [ -63.74203433, -19.22870282 ], [ -63.74416554, -19.21150348 ], [ -63.74058013, -19.19902328 ], [ -63.7543689, -19.17966981 ], [ -63.7566758, -19.1710852 ], [ -63.75431314, -19.17138196 ], [ -63.75394854, -19.16786415 ], [ -63.755776, -19.16515218 ], [ -63.75535172, -19.16209957 ], [ -63.75726062, -19.16148805 ], [ -63.75574019, -19.15956216 ], [ -63.75108896, -19.16022626 ], [ -63.74824215, -19.15472499 ], [ -63.74615946, -19.15378703 ], [ -63.74714713, -19.15166818 ], [ -63.7436425, -19.15085926 ], [ -63.74497558, -19.14657886 ], [ -63.73958134, -19.1427727 ], [ -63.73963261, -19.13576264 ], [ -63.73710319, -19.12929166 ], [ -63.72960866, -19.12591799 ], [ -63.72809652, -19.12308748 ], [ -63.72297107, -19.12043012 ], [ -63.72061145, -19.11774411 ], [ -63.72058169, -19.11437499 ], [ -63.7185394, -19.11362014 ], [ -63.72017448, -19.11052815 ], [ -63.71905926, -19.10663926 ], [ -63.72039007, -19.10079517 ], [ -63.71879129, -19.09793512 ], [ -63.71697959, -19.09775472 ], [ -63.71540193, -19.08554595 ], [ -63.71099287, -19.07696484 ], [ -63.71148721, -19.07373839 ], [ -63.71376117, -19.07148595 ], [ -63.70899835, -19.0654517 ], [ -63.70831259, -19.05417902 ], [ -63.70949204, -19.05185395 ], [ -63.70714867, -19.05104202 ], [ -63.70673298, -19.0477081 ], [ -63.70790961, -19.04523469 ], [ -63.71621501, -19.04308369 ], [ -63.72041256, -19.04829102 ], [ -63.72377876, -19.04745293 ], [ -63.72436658, -19.04615984 ], [ -63.72039023, -19.03967483 ], [ -63.72720697, -19.03311351 ], [ -63.73539937, -19.03590468 ], [ -63.73767726, -19.04109839 ], [ -63.7472057, -19.04364649 ], [ -63.75041966, -19.04298816 ], [ -63.75963597, -19.03427156 ], [ -63.77221967, -19.03439 ], [ -63.77923063, -19.03619868 ], [ -63.78191278, -19.03874874 ], [ -63.77849545, -19.04669734 ], [ -63.7789727, -19.04905502 ], [ -63.79519757, -19.04436732 ], [ -63.8026186, -19.04860472 ], [ -63.80886164, -19.05547501 ], [ -63.81098386, -19.05429793 ], [ -63.8146347, -19.04671877 ], [ -63.8249302, -19.05010165 ], [ -63.83723762, -19.05055838 ], [ -63.84021654, -19.04868938 ], [ -63.8428493, -19.04123535 ], [ -63.84610048, -19.04002615 ], [ -63.84813951, -19.03674956 ], [ -63.85477657, -19.03752569 ], [ -63.86182928, -19.03587948 ], [ -63.8660419, -19.03847123 ], [ -63.87080551, -19.03819704 ], [ -63.88191715, -19.0310914 ], [ -63.88505143, -19.03071339 ], [ -63.8887616, -19.03103844 ], [ -63.89038928, -19.03425747 ], [ -63.89438861, -19.03632743 ], [ -63.90050733, -19.03383315 ], [ -63.90200518, -19.03664594 ], [ -63.89577562, -19.04601132 ], [ -63.89870647, -19.04716682 ], [ -63.90447608, -19.04575709 ], [ -63.90569093, -19.04702171 ], [ -63.90910094, -19.06220529 ], [ -63.90818162, -19.08409772 ], [ -63.91026499, -19.08907283 ], [ -63.90417169, -19.0951571 ], [ -63.91022593, -19.10131877 ], [ -63.90518584, -19.11012457 ], [ -63.90800233, -19.11365409 ], [ -63.9075566, -19.11720776 ], [ -63.91158536, -19.12243272 ], [ -63.91256006, -19.12875914 ], [ -63.90883713, -19.13357563 ], [ -63.91359507, -19.151894 ], [ -63.91252857, -19.15390201 ], [ -63.90865327, -19.15490942 ], [ -63.90791666, -19.15981378 ], [ -63.91836127, -19.16746982 ], [ -63.92444544, -19.17689721 ], [ -63.91906311, -19.18044597 ], [ -63.9200388, -19.1842729 ], [ -63.92800998, -19.18356724 ], [ -63.93071138, -19.18173083 ], [ -63.93170062, -19.17866803 ], [ -63.93449385, -19.17752445 ], [ -63.94201938, -19.1783682 ], [ -63.94541476, -19.18311158 ], [ -63.95047765, -19.17535689 ], [ -63.95225546, -19.17470232 ], [ -63.95633865, -19.17661716 ], [ -63.96025147, -19.17326913 ], [ -63.97023221, -19.18043887 ], [ -63.97831002, -19.17873125 ], [ -63.99474898, -19.18168366 ], [ -64.00836151, -19.17762019 ], [ -64.01150995, -19.17400706 ], [ -64.01490418, -19.17425046 ], [ -64.01945344, -19.16714373 ], [ -64.02475709, -19.16415022 ], [ -64.02195455, -19.15838765 ], [ -64.02370247, -19.15132081 ], [ -64.03113938, -19.14734816 ], [ -64.0313363, -19.13571055 ], [ -64.03346583, -19.13049747 ], [ -64.03506764, -19.12904892 ], [ -64.04081399, -19.12946001 ], [ -64.04262416, -19.12745397 ], [ -64.04120579, -19.12095052 ], [ -64.04376802, -19.11722243 ], [ -64.03562633, -19.11666363 ], [ -64.0317903, -19.11323791 ], [ -64.04163999, -19.10567889 ], [ -64.03627628, -19.10022351 ], [ -64.04413006, -19.09892928 ], [ -64.04517982, -19.09737105 ], [ -64.04445292, -19.08959137 ], [ -64.041391, -19.08789514 ], [ -64.04509715, -19.08419691 ], [ -64.04165799, -19.07976113 ], [ -64.04936998, -19.0702402 ], [ -64.05025861, -19.06432615 ], [ -64.04651557, -19.0586826 ], [ -64.05194232, -19.05280323 ], [ -64.05797165, -19.05147857 ], [ -64.05801846, -19.04883742 ], [ -64.05578398, -19.04723745 ], [ -64.05809089, -19.04355096 ], [ -64.05392133, -19.04077264 ], [ -64.05341645, -19.03797335 ], [ -64.0572081, -19.03125647 ], [ -64.06692169, -19.02520308 ], [ -64.0633892, -19.01907472 ], [ -64.06488729, -19.01262838 ], [ -64.07170622, -19.00340023 ], [ -64.0819055, -18.99979946 ], [ -64.08196156, -18.99593916 ], [ -64.09024807, -19.00036507 ], [ -64.09159341, -18.99463692 ], [ -64.08999274, -18.99269126 ], [ -64.09844011, -18.98935368 ], [ -64.10294585, -18.97362145 ], [ -64.1115718, -18.97058062 ] ] ], [ [ [ -62.78108368, -17.67043022 ], [ -62.77704453, -17.68656974 ], [ -62.76451219, -17.70196428 ], [ -62.75912614, -17.71215143 ], [ -62.75928456, -17.72033374 ], [ -62.75169135, -17.73392413 ], [ -62.7486357, -17.74811123 ], [ -62.74879702, -17.76972427 ], [ -62.76299597, -17.78938736 ], [ -62.76357195, -17.7956005 ], [ -62.75630152, -17.81371247 ], [ -62.75500697, -17.82068729 ], [ -62.75658363, -17.8247676 ], [ -62.76388216, -17.83156837 ], [ -62.77995575, -17.82982871 ], [ -62.79664384, -17.83608464 ], [ -62.80323194, -17.83593575 ], [ -62.8094698, -17.83339355 ], [ -62.81594642, -17.83702514 ], [ -62.82109886, -17.8445639 ], [ -62.82791605, -17.83841057 ], [ -62.83233968, -17.83771176 ], [ -62.83324332, -17.83608823 ], [ -62.83997635, -17.8440247 ], [ -62.84586745, -17.84667157 ], [ -62.85707709, -17.84967431 ], [ -62.86686125, -17.84949395 ], [ -62.8690808, -17.84787956 ], [ -62.87124991, -17.85330078 ], [ -62.87871016, -17.85106085 ], [ -62.88999219, -17.85517184 ], [ -62.92564247, -17.85340487 ], [ -62.93468285, -17.84510387 ], [ -62.9363319, -17.84002146 ], [ -62.93975529, -17.8375002 ], [ -62.9434488, -17.83988541 ], [ -62.95637782, -17.84141615 ], [ -62.96868246, -17.83877808 ], [ -62.97607737, -17.8416045 ], [ -62.98106884, -17.84572324 ], [ -63.00205605, -17.84659278 ], [ -63.01225796, -17.84864418 ], [ -63.03299182, -17.84482294 ], [ -63.05476412, -17.83667329 ], [ -63.0547131, -17.66422983 ], [ -62.7762397, -17.66420449 ], [ -62.78108368, -17.67043022 ] ] ] ] } },
{ "type": "Feature", "properties": { "Municipio": "Pailon" }, "geometry": { "type": "Polygon", "coordinates": [ [ [ -61.35707955, -17.35588656 ], [ -61.35446677, -17.35441607 ], [ -61.35199623, -17.35549441 ], [ -61.35332452, -17.35776213 ], [ -61.3515769, -17.36244818 ], [ -61.35252262, -17.36465664 ], [ -61.34889371, -17.3720882 ], [ -61.34472722, -17.36795845 ], [ -61.34062131, -17.36823656 ], [ -61.33988805, -17.37111395 ], [ -61.33234066, -17.37494447 ], [ -61.32704944, -17.37308142 ], [ -61.32795918, -17.37080185 ], [ -61.3255257, -17.3693778 ], [ -61.31734337, -17.36890026 ], [ -61.31074077, -17.37058833 ], [ -61.30731807, -17.37283199 ], [ -61.30830624, -17.37593611 ], [ -61.30687354, -17.37969354 ], [ -61.30258737, -17.38006174 ], [ -61.30052381, -17.38534244 ], [ -61.29794921, -17.38348117 ], [ -61.29709728, -17.38604781 ], [ -61.29248742, -17.38649444 ], [ -61.29125795, -17.38807199 ], [ -61.29222184, -17.38905264 ], [ -61.28823825, -17.3930491 ], [ -61.28610183, -17.39415126 ], [ -61.2847112, -17.39244524 ], [ -61.28132058, -17.39736288 ], [ -61.27454332, -17.3979698 ], [ -61.26786893, -17.39313658 ], [ -61.2664728, -17.39451794 ], [ -61.26720685, -17.39799963 ], [ -61.26374376, -17.40085054 ], [ -61.25633308, -17.39713781 ], [ -61.25426741, -17.40252118 ], [ -61.261991, -17.40803768 ], [ -61.25935323, -17.41300483 ], [ -61.25502453, -17.41438174 ], [ -61.25768322, -17.42238458 ], [ -61.24815527, -17.43058061 ], [ -61.24245058, -17.43031006 ], [ -61.23994896, -17.42396915 ], [ -61.23558178, -17.42537431 ], [ -61.2312443, -17.42922662 ], [ -61.22655377, -17.42540527 ], [ -61.22353911, -17.42629342 ], [ -61.22008035, -17.42510411 ], [ -61.2187502, -17.42853161 ], [ -61.21361747, -17.43014908 ], [ -61.21447096, -17.4338747 ], [ -61.22207066, -17.4395231 ], [ -61.22551511, -17.43876226 ], [ -61.2276572, -17.44026877 ], [ -61.22785125, -17.44334203 ], [ -61.22497926, -17.44619279 ], [ -61.22850336, -17.44933973 ], [ -61.22633131, -17.452142 ], [ -61.22686744, -17.45551261 ], [ -61.22208877, -17.45427125 ], [ -61.21600254, -17.45784903 ], [ -61.20823971, -17.45847099 ], [ -61.20752768, -17.46636736 ], [ -61.20514595, -17.47102705 ], [ -61.20222945, -17.47310769 ], [ -61.20057077, -17.47728305 ], [ -61.19605843, -17.47812935 ], [ -61.19410534, -17.48112358 ], [ -61.19632572, -17.48556332 ], [ -61.19502945, -17.49015551 ], [ -61.19705274, -17.49124638 ], [ -61.20037543, -17.48965858 ], [ -61.20025544, -17.49308425 ], [ -61.19625426, -17.49593843 ], [ -61.19296291, -17.49613009 ], [ -61.19185659, -17.49895265 ], [ -61.18821326, -17.49660485 ], [ -61.1885561, -17.50058774 ], [ -61.1861134, -17.49973436 ], [ -61.18480881, -17.50268055 ], [ -61.1824285, -17.50036106 ], [ -61.18029129, -17.50463095 ], [ -61.17503806, -17.50699593 ], [ -61.17827373, -17.50860833 ], [ -61.17494009, -17.51247601 ], [ -61.17764424, -17.51262672 ], [ -61.17977149, -17.51076397 ], [ -61.18013304, -17.5152811 ], [ -61.17089372, -17.51519128 ], [ -61.16349881, -17.5202927 ], [ -61.16264425, -17.51742611 ], [ -61.16167135, -17.51901904 ], [ -61.16006317, -17.51813042 ], [ -61.15999198, -17.52225099 ], [ -61.16372333, -17.52246363 ], [ -61.15981286, -17.5270872 ], [ -61.16008936, -17.53025603 ], [ -61.15816892, -17.53284699 ], [ -61.15543417, -17.53400565 ], [ -61.1545825, -17.53193341 ], [ -61.15285057, -17.53362542 ], [ -61.15129955, -17.53302013 ], [ -61.14952323, -17.53601048 ], [ -61.14807752, -17.53305061 ], [ -61.1464351, -17.53515565 ], [ -61.14598759, -17.53934808 ], [ -61.14857086, -17.54931331 ], [ -61.14540967, -17.5512974 ], [ -61.14506765, -17.55479239 ], [ -61.14762303, -17.55663889 ], [ -61.15094969, -17.55496499 ], [ -61.15331421, -17.55620447 ], [ -61.15431536, -17.55954129 ], [ -61.15214582, -17.56009368 ], [ -61.15119351, -17.56334783 ], [ -61.15293382, -17.56369696 ], [ -61.15488072, -17.56142831 ], [ -61.15739476, -17.56518232 ], [ -61.15943224, -17.56380789 ], [ -61.16003002, -17.56614113 ], [ -61.16442766, -17.56765597 ], [ -61.16551743, -17.57005105 ], [ -61.16744737, -17.56708456 ], [ -61.16829469, -17.57011038 ], [ -61.17098609, -17.57059438 ], [ -61.17297206, -17.57585462 ], [ -61.17020046, -17.58697467 ], [ -61.16538156, -17.58567609 ], [ -61.15907398, -17.58875477 ], [ -61.15546782, -17.58803118 ], [ -61.1559664, -17.59140955 ], [ -61.1459295, -17.59203815 ], [ -61.14341093, -17.59526572 ], [ -61.1447355, -17.59616843 ], [ -61.14337275, -17.59811488 ], [ -61.14517622, -17.59903146 ], [ -61.14081379, -17.60220388 ], [ -61.14201723, -17.6044676 ], [ -61.13846897, -17.60654668 ], [ -61.13603483, -17.60483413 ], [ -61.13680597, -17.6084752 ], [ -61.1346377, -17.61118073 ], [ -61.13213478, -17.61122564 ], [ -61.13252188, -17.61371486 ], [ -61.12938815, -17.61680711 ], [ -61.13042321, -17.61859718 ], [ -61.1293448, -17.62062132 ], [ -61.13073611, -17.62019173 ], [ -61.13141304, -17.62402908 ], [ -61.13634913, -17.62398757 ], [ -61.13903989, -17.62634558 ], [ -61.13692624, -17.62751844 ], [ -61.13914914, -17.63102397 ], [ -61.13889177, -17.63515486 ], [ -61.13546704, -17.63425533 ], [ -61.13403351, -17.6359026 ], [ -61.13847867, -17.64185958 ], [ -61.13824311, -17.64461315 ], [ -61.1360498, -17.64289655 ], [ -61.13426949, -17.64401913 ], [ -61.13462106, -17.64756714 ], [ -61.13244819, -17.64855579 ], [ -61.13292217, -17.65191302 ], [ -61.13057421, -17.65199312 ], [ -61.13172209, -17.65549745 ], [ -61.13394134, -17.65641044 ], [ -61.13111219, -17.66145172 ], [ -61.13418575, -17.66251322 ], [ -61.1352286, -17.66001303 ], [ -61.13874003, -17.66294582 ], [ -61.14273035, -17.66254254 ], [ -61.14531795, -17.66536938 ], [ -61.14515685, -17.66745026 ], [ -61.14793123, -17.66837169 ], [ -61.14694652, -17.67034699 ], [ -61.14847708, -17.67719801 ], [ -61.15129498, -17.67854863 ], [ -61.14981746, -17.67945867 ], [ -61.15062817, -17.6827235 ], [ -61.14913368, -17.68557493 ], [ -61.15179269, -17.68444362 ], [ -61.15524717, -17.69179625 ], [ -61.15959788, -17.69171944 ], [ -61.16367521, -17.69434377 ], [ -61.16497795, -17.69271191 ], [ -61.16466695, -17.69524126 ], [ -61.16768611, -17.69383375 ], [ -61.17066787, -17.69473469 ], [ -61.1747812, -17.69244361 ], [ -61.17484878, -17.69566975 ], [ -61.17877578, -17.70004073 ], [ -61.18380151, -17.69909551 ], [ -61.18478185, -17.7012562 ], [ -61.18346891, -17.70306054 ], [ -61.18512938, -17.70489299 ], [ -61.18797603, -17.7042218 ], [ -61.19274926, -17.70925022 ], [ -61.19551212, -17.70979701 ], [ -61.19392185, -17.71264918 ], [ -61.19700287, -17.71625886 ], [ -61.20132136, -17.71769732 ], [ -61.20404315, -17.71651041 ], [ -61.20590878, -17.71844401 ], [ -61.2096062, -17.71770664 ], [ -61.20971728, -17.72042711 ], [ -61.21387673, -17.72032811 ], [ -61.2152624, -17.72220902 ], [ -61.21525714, -17.72048654 ], [ -61.21815597, -17.71902206 ], [ -61.22415428, -17.72532371 ], [ -61.22331411, -17.73239454 ], [ -61.22021667, -17.73678938 ], [ -61.2200022, -17.74051219 ], [ -61.2226929, -17.74097899 ], [ -61.22283955, -17.74244741 ], [ -61.21948819, -17.74426098 ], [ -61.22205443, -17.74546398 ], [ -61.22007118, -17.74739013 ], [ -61.22116344, -17.7486883 ], [ -61.21957579, -17.75180476 ], [ -61.21773543, -17.74884897 ], [ -61.21779232, -17.7509384 ], [ -61.20911023, -17.75815632 ], [ -61.20672949, -17.75752546 ], [ -61.20492124, -17.75899036 ], [ -61.19895445, -17.75710888 ], [ -61.19822058, -17.7596721 ], [ -61.19560363, -17.75902533 ], [ -61.19253206, -17.76062262 ], [ -61.19304509, -17.76346022 ], [ -61.18718996, -17.76195623 ], [ -61.18849301, -17.7664104 ], [ -61.18204981, -17.76975797 ], [ -61.18194559, -17.77258387 ], [ -61.17815756, -17.77521623 ], [ -61.17914981, -17.77734238 ], [ -61.17634457, -17.78114782 ], [ -61.17644366, -17.78392578 ], [ -61.17780234, -17.78795457 ], [ -61.18366403, -17.79250191 ], [ -61.18722232, -17.79087079 ], [ -61.19308682, -17.78349818 ], [ -61.1975558, -17.78787513 ], [ -61.20457178, -17.78902288 ], [ -61.20452078, -17.79476507 ], [ -61.2087078, -17.80330159 ], [ -61.20635004, -17.80988199 ], [ -61.20998916, -17.81998567 ], [ -61.20839148, -17.82218337 ], [ -61.20877119, -17.82780645 ], [ -61.20457592, -17.83423275 ], [ -61.20457082, -17.83855023 ], [ -61.20600748, -17.84132476 ], [ -61.21325837, -17.84423358 ], [ -61.21808555, -17.89271262 ], [ -61.23019817, -17.9803818 ], [ -61.24001539, -18.10424172 ], [ -61.26359615, -18.24656046 ], [ -61.6492337, -18.18878489 ], [ -62.39787166, -18.06709603 ], [ -62.81605207, -18.0172606 ], [ -62.81179839, -18.00947142 ], [ -62.8076743, -18.00571887 ], [ -62.80909457, -17.99794929 ], [ -62.79491572, -17.98292684 ], [ -62.78349113, -17.96407229 ], [ -62.78242014, -17.95882169 ], [ -62.79791409, -17.92862718 ], [ -62.7972775, -17.91950123 ], [ -62.79865468, -17.91599712 ], [ -62.80692151, -17.90483864 ], [ -62.80565213, -17.90033884 ], [ -62.79563242, -17.89010479 ], [ -62.79091714, -17.87852346 ], [ -62.79097896, -17.87412433 ], [ -62.78087363, -17.85857461 ], [ -62.76659332, -17.84387853 ], [ -62.76388216, -17.83156837 ], [ -62.75658363, -17.8247676 ], [ -62.75500697, -17.82068729 ], [ -62.75630152, -17.81371247 ], [ -62.76357195, -17.7956005 ], [ -62.76299597, -17.78938736 ], [ -62.74879702, -17.76972427 ], [ -62.74960742, -17.7398888 ], [ -62.75928456, -17.72033374 ], [ -62.75912614, -17.71215143 ], [ -62.76451219, -17.70196428 ], [ -62.77704453, -17.68656974 ], [ -62.78108368, -17.67043022 ], [ -62.776671, -17.66586755 ], [ -62.77430653, -17.66003698 ], [ -62.77283372, -17.64323909 ], [ -62.78504261, -17.61185646 ], [ -62.78658788, -17.59899136 ], [ -62.7854874, -17.5948549 ], [ -62.78049436, -17.58825736 ], [ -62.76311625, -17.57177353 ], [ -62.76265561, -17.56684504 ], [ -62.76718023, -17.56074417 ], [ -62.77794517, -17.55173121 ], [ -62.78186528, -17.54379943 ], [ -62.78295223, -17.53721127 ], [ -62.78928018, -17.52773629 ], [ -62.78879029, -17.51216172 ], [ -62.79002717, -17.50809796 ], [ -62.78495329, -17.50463618 ], [ -62.78405539, -17.5007376 ], [ -62.71515481, -17.49031465 ], [ -62.68992517, -17.49294337 ], [ -62.65186503, -17.52537535 ], [ -62.63104424, -17.52071882 ], [ -62.62072872, -17.4660228 ], [ -62.54031005, -17.46142414 ], [ -62.04706816, -17.38067967 ], [ -61.77954217, -17.34153767 ], [ -61.56856633, -17.25745175 ], [ -61.54938632, -17.26584704 ], [ -61.55080234, -17.26912722 ], [ -61.54987551, -17.27060033 ], [ -61.54536822, -17.26746721 ], [ -61.54418675, -17.27003415 ], [ -61.53643023, -17.27553678 ], [ -61.5376152, -17.27797259 ], [ -61.53497867, -17.28727057 ], [ -61.53263921, -17.28317427 ], [ -61.53082365, -17.28433542 ], [ -61.5266262, -17.28266045 ], [ -61.52596065, -17.28552118 ], [ -61.52236263, -17.28469611 ], [ -61.51892674, -17.28853074 ], [ -61.51599175, -17.28518152 ], [ -61.5132137, -17.28763508 ], [ -61.51032286, -17.28589116 ], [ -61.50523138, -17.28915734 ], [ -61.50045105, -17.28956798 ], [ -61.49848039, -17.29443054 ], [ -61.49503233, -17.29545529 ], [ -61.49719375, -17.29808939 ], [ -61.49705748, -17.30080972 ], [ -61.50714725, -17.30328718 ], [ -61.50660487, -17.3084819 ], [ -61.51043027, -17.31445532 ], [ -61.50960366, -17.32613858 ], [ -61.50077323, -17.32720295 ], [ -61.49580012, -17.3237782 ], [ -61.4956647, -17.32079225 ], [ -61.49178203, -17.32212973 ], [ -61.4929066, -17.33786859 ], [ -61.48889242, -17.34669121 ], [ -61.48031505, -17.34654658 ], [ -61.48086576, -17.34216093 ], [ -61.47902603, -17.340193 ], [ -61.47491552, -17.34000042 ], [ -61.47424389, -17.34181178 ], [ -61.472383, -17.34050617 ], [ -61.47177911, -17.34251587 ], [ -61.46814257, -17.34114579 ], [ -61.47158811, -17.33544686 ], [ -61.47168217, -17.33389167 ], [ -61.46857463, -17.33339912 ], [ -61.47005509, -17.3301941 ], [ -61.45579524, -17.33028648 ], [ -61.45345024, -17.33213255 ], [ -61.44840433, -17.32595023 ], [ -61.44468968, -17.32505772 ], [ -61.44123468, -17.32683865 ], [ -61.43886563, -17.33078969 ], [ -61.44159151, -17.33596995 ], [ -61.43747935, -17.33743258 ], [ -61.44156533, -17.34427363 ], [ -61.44808386, -17.34989264 ], [ -61.44608843, -17.35436052 ], [ -61.44180644, -17.35649951 ], [ -61.43950392, -17.3600706 ], [ -61.42984088, -17.35889087 ], [ -61.42589311, -17.35619851 ], [ -61.42542614, -17.3537859 ], [ -61.42215766, -17.35416133 ], [ -61.42110359, -17.35191822 ], [ -61.42552164, -17.34640558 ], [ -61.42418569, -17.34307072 ], [ -61.42086625, -17.34412317 ], [ -61.41214401, -17.34161541 ], [ -61.4106807, -17.33990986 ], [ -61.3997707, -17.34193701 ], [ -61.39942521, -17.34885694 ], [ -61.39660431, -17.34826986 ], [ -61.39485896, -17.34316526 ], [ -61.39071153, -17.34467244 ], [ -61.38382518, -17.3412194 ], [ -61.37842336, -17.34469467 ], [ -61.37009456, -17.34493033 ], [ -61.36778101, -17.3457686 ], [ -61.36622853, -17.34983592 ], [ -61.36133734, -17.35395594 ], [ -61.35707955, -17.35588656 ] ] ] } },
{ "type": "Feature", "properties": { "Municipio": "San Ignacio de Velasco" }, "geometry": { "type": "Polygon", "coordinates": [ [ [ -60.98912449, -13.49336865 ], [ -60.98898912, -13.50360905 ], [ -60.99180134, -13.50551394 ], [ -60.99718174, -13.50229223 ], [ -61.00554942, -13.50280536 ], [ -61.00972556, -13.50892276 ], [ -61.00894464, -13.51647744 ], [ -60.99891095, -13.52787578 ], [ -60.99896429, -13.53145865 ], [ -61.00091298, -13.53311889 ], [ -61.00609041, -13.52606254 ], [ -61.0113109, -13.52621595 ], [ -61.01177417, -13.53051907 ], [ -61.00820282, -13.5373422 ], [ -61.00671154, -13.54448369 ], [ -61.0075769, -13.54950213 ], [ -61.00616724, -13.55177303 ], [ -61.0010644, -13.55269227 ], [ -60.99556585, -13.54858827 ], [ -60.98681425, -13.54656904 ], [ -60.98504801, -13.54462473 ], [ -60.98728649, -13.53968235 ], [ -60.98588897, -13.5371341 ], [ -60.97796898, -13.5399776 ], [ -60.97140752, -13.53537817 ], [ -60.96433977, -13.53725254 ], [ -60.96003711, -13.54944997 ], [ -60.95602459, -13.55179619 ], [ -60.94577149, -13.55106963 ], [ -60.93219435, -13.53923113 ], [ -60.92877498, -13.53890297 ], [ -60.9179163, -13.5431156 ], [ -60.91699353, -13.5481078 ], [ -60.92312767, -13.55321593 ], [ -60.92428743, -13.55608741 ], [ -60.92257746, -13.56704361 ], [ -60.90953663, -13.58439081 ], [ -60.90206303, -13.59097945 ], [ -60.88902931, -13.59870486 ], [ -60.87955175, -13.61758853 ], [ -60.87704419, -13.61979974 ], [ -60.85992659, -13.62538126 ], [ -60.84877262, -13.63306461 ], [ -60.83723437, -13.62663969 ], [ -60.82228869, -13.63093145 ], [ -60.81565739, -13.63770508 ], [ -60.81525334, -13.64209723 ], [ -60.81230658, -13.6466647 ], [ -60.81251458, -13.65101292 ], [ -60.80961908, -13.65488679 ], [ -60.80113329, -13.65702788 ], [ -60.78697567, -13.65549287 ], [ -60.78135283, -13.65889315 ], [ -60.77267763, -13.66117121 ], [ -60.76877559, -13.66772284 ], [ -60.77062447, -13.68021716 ], [ -60.76257846, -13.68693701 ], [ -60.75485235, -13.68787691 ], [ -60.73956863, -13.68331793 ], [ -60.71898905, -13.69150745 ], [ -60.70782334, -13.690685 ], [ -60.70602694, -13.69206289 ], [ -60.70410109, -13.7020677 ], [ -60.69500177, -13.7143542 ], [ -60.69358863, -13.7141647 ], [ -60.69284601, -13.71139397 ], [ -60.6948781, -13.69862159 ], [ -60.68951233, -13.69698804 ], [ -60.68738303, -13.69905663 ], [ -60.68559039, -13.71081476 ], [ -60.68245713, -13.71624758 ], [ -60.67744369, -13.72042797 ], [ -60.67041009, -13.72303236 ], [ -60.65541302, -13.73612599 ], [ -60.65384075, -13.72910782 ], [ -60.65091899, -13.72900477 ], [ -60.64896199, -13.73467202 ], [ -60.64490035, -13.73654842 ], [ -60.64203532, -13.73423105 ], [ -60.63872367, -13.72628368 ], [ -60.62934675, -13.72578709 ], [ -60.62470662, -13.71995672 ], [ -60.62007166, -13.71781692 ], [ -60.61820569, -13.72520636 ], [ -60.61148596, -13.72539602 ], [ -60.6085525, -13.72792201 ], [ -60.61066963, -13.73923271 ], [ -60.60929905, -13.7400578 ], [ -60.60728632, -13.73695911 ], [ -60.60511804, -13.73699683 ], [ -60.60539616, -13.74843878 ], [ -60.59733691, -13.7482689 ], [ -60.5907594, -13.74362979 ], [ -60.58843767, -13.74386616 ], [ -60.58602318, -13.7485933 ], [ -60.57561165, -13.74728119 ], [ -60.57483562, -13.75219303 ], [ -60.57820199, -13.75806524 ], [ -60.57550777, -13.75966903 ], [ -60.56610039, -13.76034159 ], [ -60.56614857, -13.76324461 ], [ -60.56994661, -13.76951873 ], [ -60.55810431, -13.77177704 ], [ -60.55055743, -13.78263283 ], [ -60.54545416, -13.78321934 ], [ -60.5480084, -13.77353453 ], [ -60.54552632, -13.77015672 ], [ -60.53136868, -13.77355732 ], [ -60.52459233, -13.77122221 ], [ -60.52010337, -13.77177524 ], [ -60.51736354, -13.77465121 ], [ -60.51761657, -13.78069527 ], [ -60.52027594, -13.78628831 ], [ -60.52708192, -13.79226799 ], [ -60.52758419, -13.79559148 ], [ -60.52050855, -13.79648397 ], [ -60.50953583, -13.79422267 ], [ -60.5033892, -13.79788641 ], [ -60.50274747, -13.79423942 ], [ -60.49936845, -13.79059596 ], [ -60.48547231, -13.79623268 ], [ -60.46508953, -13.79790125 ], [ -60.4596872, -13.80022049 ], [ -60.4583371, -13.80509794 ], [ -60.4615064, -13.81290977 ], [ -60.46126236, -13.82463775 ], [ -60.46569558, -13.83114835 ], [ -60.46903418, -13.83121404 ], [ -60.47279811, -13.83375063 ], [ -60.47140052, -13.83612784 ], [ -60.46690224, -13.83707963 ], [ -60.46609093, -13.8387361 ], [ -60.46668728, -13.84455605 ], [ -60.4699229, -13.8482601 ], [ -60.47108696, -13.85273311 ], [ -60.4687113, -13.85505549 ], [ -60.45767645, -13.85536643 ], [ -60.44983783, -13.85800303 ], [ -60.44919024, -13.86860571 ], [ -60.45265552, -13.88341785 ], [ -60.45077995, -13.88567868 ], [ -60.44578544, -13.88571494 ], [ -60.4429429, -13.89078552 ], [ -60.44138768, -13.90579992 ], [ -60.44393017, -13.9164526 ], [ -60.44122226, -13.93533642 ], [ -60.42684165, -13.96838612 ], [ -60.41005294, -13.98473529 ], [ -60.40649786, -13.990699 ], [ -60.40525771, -14.0104532 ], [ -60.41071088, -14.02810799 ], [ -60.42578935, -14.04847375 ], [ -60.43240875, -14.06414802 ], [ -60.44690175, -14.08102422 ], [ -60.46589498, -14.09757689 ], [ -60.47157372, -14.11152149 ], [ -60.46971928, -14.13192537 ], [ -60.47108695, -14.14691956 ], [ -60.47383916, -14.15806022 ], [ -60.48143113, -14.17537518 ], [ -60.48141754, -14.1835819 ], [ -60.48066963, -14.18564917 ], [ -60.47148365, -14.18578818 ], [ -60.46632784, -14.18865773 ], [ -60.46395105, -14.19807881 ], [ -60.46261158, -14.21936644 ], [ -60.46044998, -14.22932126 ], [ -60.45826122, -14.2326371 ], [ -60.45184806, -14.23634434 ], [ -60.4501689, -14.23948811 ], [ -60.45040492, -14.24430397 ], [ -60.4593887, -14.25379055 ], [ -60.45976733, -14.26493835 ], [ -60.4539281, -14.27502459 ], [ -60.45263699, -14.28233024 ], [ -60.44822398, -14.29200398 ], [ -60.44670749, -14.30638551 ], [ -60.44266338, -14.31757302 ], [ -60.43055498, -14.32446365 ], [ -60.42388865, -14.3259682 ], [ -60.41920059, -14.3295575 ], [ -60.4105253, -14.34683073 ], [ -60.40189541, -14.3516396 ], [ -60.3973374, -14.3567802 ], [ -60.39353986, -14.35766233 ], [ -60.3903006, -14.36708397 ], [ -60.38470105, -14.36684875 ], [ -60.38186139, -14.36897264 ], [ -60.3799419, -14.39005366 ], [ -60.38074117, -14.39155487 ], [ -60.39303496, -14.3953469 ], [ -60.39574216, -14.3981487 ], [ -60.39988828, -14.40608587 ], [ -60.39893604, -14.41337551 ], [ -60.3855609, -14.4408158 ], [ -60.37705373, -14.45082254 ], [ -60.35691726, -14.48627373 ], [ -60.34689674, -14.50000439 ], [ -60.34618161, -14.50560903 ], [ -60.33896461, -14.51087882 ], [ -60.33875274, -14.51372963 ], [ -60.34157684, -14.51609725 ], [ -60.3428193, -14.52321878 ], [ -60.33780125, -14.52743337 ], [ -60.33639954, -14.53062536 ], [ -60.34240089, -14.5306247 ], [ -60.34325633, -14.53234847 ], [ -60.33716085, -14.53616987 ], [ -60.33494161, -14.54952207 ], [ -60.32916232, -14.56348328 ], [ -60.32964581, -14.57261398 ], [ -60.3268943, -14.58259145 ], [ -60.32842085, -14.58967349 ], [ -60.32709247, -14.59751891 ], [ -60.32113335, -14.61101492 ], [ -60.31187704, -14.61637441 ], [ -60.30201464, -14.61757426 ], [ -60.29219327, -14.62471601 ], [ -60.2828409, -14.62440692 ], [ -60.27264505, -14.62191318 ], [ -60.27163916, -14.62433078 ], [ -60.26732139, -14.69101196 ], [ -60.26616062, -14.74212158 ], [ -60.26252408, -14.77360996 ], [ -60.25603485, -14.88162445 ], [ -60.25124726, -14.99613611 ], [ -60.24971754, -15.00001524 ], [ -60.24408717, -15.09712234 ], [ -60.57478428, -15.09764227 ], [ -60.23754655, -15.47552704 ], [ -60.18012203, -16.00002012 ], [ -60.17383002, -16.26551178 ], [ -59.81548119, -16.27443679 ], [ -59.53708613, -16.27888788 ], [ -59.49554724, -16.28213753 ], [ -59.50105964, -16.44343161 ], [ -59.6216979, -16.43815815 ], [ -59.70901055, -16.43222587 ], [ -59.76092156, -16.41239868 ], [ -59.85854536, -16.40242616 ], [ -60.00325225, -16.3777908 ], [ -60.05294198, -16.40607745 ], [ -60.13976002, -16.4599597 ], [ -60.14818739, -16.46270594 ], [ -60.14947679, -16.46701551 ], [ -60.15889907, -16.4656755 ], [ -60.16988622, -16.46765597 ], [ -60.17481761, -16.46632362 ], [ -60.17593996, -16.47600577 ], [ -60.18109727, -16.48024409 ], [ -60.18828953, -16.48024248 ], [ -60.19249627, -16.48731527 ], [ -60.19961654, -16.4893817 ], [ -60.2029802, -16.48785807 ], [ -60.20978092, -16.48842342 ], [ -60.21494995, -16.49335133 ], [ -60.22048285, -16.49173024 ], [ -60.22272519, -16.48802189 ], [ -60.27307339, -16.50188714 ], [ -60.46188843, -16.5796116 ], [ -60.85021501, -16.73521187 ], [ -60.90118032, -16.57739207 ], [ -60.9046129, -16.55036723 ], [ -60.92229492, -16.51338836 ], [ -60.93407329, -16.48244677 ], [ -60.93434962, -16.4704462 ], [ -60.95417372, -16.47204797 ], [ -60.98123871, -16.47064085 ], [ -61.02808585, -16.48196749 ], [ -61.06977084, -16.49531843 ], [ -61.09326203, -16.49056596 ], [ -61.12072911, -16.48242489 ], [ -61.15230497, -16.47908382 ], [ -61.17054883, -16.47481684 ], [ -61.20224786, -16.46083996 ], [ -61.22914629, -16.43371229 ], [ -61.23675684, -16.4224863 ], [ -61.24556338, -16.40415099 ], [ -61.25582922, -16.37117608 ], [ -61.26546287, -16.33178122 ], [ -61.26566442, -16.30840744 ], [ -61.25669458, -16.27924189 ], [ -61.27050405, -16.25130726 ], [ -61.27565389, -16.23644787 ], [ -61.28165746, -16.23082836 ], [ -61.28240932, -16.22491242 ], [ -61.29422681, -16.21519401 ], [ -61.29865619, -16.19700885 ], [ -61.52048107, -16.24825313 ], [ -61.58252979, -16.26068495 ], [ -61.69057155, -16.2726625 ], [ -61.70543017, -16.26658221 ], [ -61.70174877, -16.25621464 ], [ -61.69834388, -16.25135172 ], [ -61.69782568, -16.24258868 ], [ -61.68640165, -16.22703527 ], [ -61.68474618, -16.20833572 ], [ -61.68128263, -16.20532266 ], [ -61.67979141, -16.20044847 ], [ -61.67689335, -16.19856949 ], [ -61.67516705, -16.19214564 ], [ -61.67650104, -16.18888661 ], [ -61.67572787, -16.18292831 ], [ -61.67704852, -16.18136971 ], [ -61.67603531, -16.17308054 ], [ -61.67934695, -16.16919777 ], [ -61.67959557, -16.16432376 ], [ -61.68650283, -16.15603779 ], [ -61.68388152, -16.15491309 ], [ -61.68564091, -16.15250089 ], [ -61.68361376, -16.14837119 ], [ -61.68756606, -16.14370253 ], [ -61.68562735, -16.1404966 ], [ -61.68194152, -16.13906387 ], [ -61.68325852, -16.13609304 ], [ -61.68027852, -16.13305642 ], [ -61.6838462, -16.11245302 ], [ -61.68165462, -16.10691128 ], [ -61.68367762, -16.10441241 ], [ -61.68142975, -16.10311016 ], [ -61.68303992, -16.09661606 ], [ -61.67825159, -16.08618462 ], [ -61.67999947, -16.08440346 ], [ -61.67957161, -16.05952527 ], [ -61.67505713, -16.02025978 ], [ -61.66326334, -15.99941383 ], [ -61.65625905, -15.97628925 ], [ -61.64960372, -15.96320161 ], [ -61.64401442, -15.943968 ], [ -61.63550522, -15.93319477 ], [ -61.61849848, -15.92356561 ], [ -61.60911666, -15.92122972 ], [ -61.59693982, -15.91376125 ], [ -61.58832314, -15.9047187 ], [ -61.5811575, -15.89468015 ], [ -61.57865479, -15.88774109 ], [ -61.58136278, -15.87878666 ], [ -61.57711002, -15.87341415 ], [ -61.57624381, -15.86866355 ], [ -61.57391146, -15.86632417 ], [ -61.57400035, -15.86078534 ], [ -61.57216712, -15.85854607 ], [ -61.57509057, -15.84745628 ], [ -61.57907387, -15.84235017 ], [ -61.58196645, -15.83499591 ], [ -61.58348118, -15.82556436 ], [ -61.58731185, -15.81825633 ], [ -61.5942632, -15.8100704 ], [ -61.59282352, -15.80084241 ], [ -61.5984161, -15.78395354 ], [ -61.60334057, -15.77972441 ], [ -61.60739223, -15.77892726 ], [ -61.61255518, -15.77356996 ], [ -61.59956197, -15.76589759 ], [ -61.58312444, -15.76451158 ], [ -61.57374211, -15.76898254 ], [ -61.57092203, -15.77720374 ], [ -61.56566187, -15.78207456 ], [ -61.5514932, -15.77867488 ], [ -61.54365803, -15.77238537 ], [ -61.53484801, -15.77360591 ], [ -61.52187968, -15.77932999 ], [ -61.51365317, -15.77591487 ], [ -61.50879153, -15.76826656 ], [ -61.50268304, -15.76865119 ], [ -61.49581701, -15.76443229 ], [ -61.49058463, -15.7633862 ], [ -61.48452019, -15.74664875 ], [ -61.47525137, -15.73617018 ], [ -61.46511473, -15.73326931 ], [ -61.45386485, -15.73385078 ], [ -61.44890265, -15.73068454 ], [ -61.44756879, -15.73329415 ], [ -61.44249912, -15.73162452 ], [ -61.43734247, -15.72781491 ], [ -61.43520226, -15.72414649 ], [ -61.42917756, -15.72170033 ], [ -61.42543261, -15.71608603 ], [ -61.41462781, -15.70920569 ], [ -61.41028682, -15.70315776 ], [ -61.41112342, -15.70068972 ], [ -61.40432225, -15.69251719 ], [ -61.40077799, -15.69150432 ], [ -61.39858565, -15.68705346 ], [ -61.38958974, -15.68711104 ], [ -61.38715876, -15.68574562 ], [ -61.38752016, -15.67658333 ], [ -61.38077147, -15.6688702 ], [ -61.38346594, -15.66068272 ], [ -61.38200591, -15.6490464 ], [ -61.37873081, -15.64573004 ], [ -61.37532757, -15.63111407 ], [ -61.37244505, -15.62623013 ], [ -61.36923168, -15.62484655 ], [ -61.37002353, -15.62274718 ], [ -61.37782073, -15.62138589 ], [ -61.3811267, -15.61584121 ], [ -61.37519347, -15.60243816 ], [ -61.37077754, -15.59873775 ], [ -61.37658876, -15.59517953 ], [ -61.37594335, -15.59120203 ], [ -61.38095832, -15.57924818 ], [ -61.38755473, -15.57283068 ], [ -61.38838508, -15.56955717 ], [ -61.39485737, -15.56571791 ], [ -61.3941623, -15.55821939 ], [ -61.40777615, -15.55138742 ], [ -61.41257899, -15.54645368 ], [ -61.42279119, -15.54489051 ], [ -61.42357579, -15.54193931 ], [ -61.42894206, -15.54266333 ], [ -61.43508489, -15.53937728 ], [ -61.44285758, -15.53835872 ], [ -61.44422721, -15.5343908 ], [ -61.45342772, -15.52774633 ], [ -61.45216531, -15.5113904 ], [ -61.45425126, -15.50810801 ], [ -61.45375399, -15.49655678 ], [ -61.45531236, -15.49279003 ], [ -61.45182655, -15.47311554 ], [ -61.45673334, -15.4614904 ], [ -61.45727224, -15.45120952 ], [ -61.46333565, -15.44255686 ], [ -61.46779689, -15.43953321 ], [ -61.46723662, -15.43687443 ], [ -61.47020982, -15.42936542 ], [ -61.46728303, -15.42538178 ], [ -61.46820916, -15.42222075 ], [ -61.47675614, -15.41489086 ], [ -61.48292267, -15.40531671 ], [ -61.5023756, -15.38910403 ], [ -61.5044919, -15.38514059 ], [ -61.50166974, -15.37596894 ], [ -61.49450005, -15.32047122 ], [ -61.49600401, -15.30122406 ], [ -61.50654393, -15.25451953 ], [ -61.50608451, -15.2358515 ], [ -61.50352428, -15.23079355 ], [ -61.50003314, -15.23058468 ], [ -61.49419181, -15.21812431 ], [ -61.4926306, -15.18856208 ], [ -61.49400934, -15.18322734 ], [ -61.49036208, -15.16955983 ], [ -61.48911218, -15.15319945 ], [ -61.48213725, -15.14160282 ], [ -61.48132514, -15.13132811 ], [ -61.4834098, -15.12272282 ], [ -61.4794306, -15.1132395 ], [ -61.48756451, -15.0931987 ], [ -61.49338702, -15.08515995 ], [ -61.49231008, -15.02988584 ], [ -61.49480308, -15.0156184 ], [ -61.4926872, -15.00515729 ], [ -61.49161809, -14.97717415 ], [ -61.49656664, -14.96699035 ], [ -61.49549976, -14.93717492 ], [ -61.50293037, -14.92119345 ], [ -61.50246539, -14.9171358 ], [ -61.50491345, -14.91586341 ], [ -61.507653, -14.9061805 ], [ -61.50800046, -14.90094079 ], [ -61.50300526, -14.89158637 ], [ -61.50394713, -14.8904557 ], [ -61.50990528, -14.89184604 ], [ -61.51523464, -14.89474984 ], [ -61.51907661, -14.88758269 ], [ -61.51942968, -14.88527344 ], [ -61.51514948, -14.88421478 ], [ -61.51706106, -14.88165035 ], [ -61.51831149, -14.86190304 ], [ -61.53233667, -14.8326503 ], [ -61.53497438, -14.80321709 ], [ -61.54509135, -14.8034367 ], [ -61.54918574, -14.79628207 ], [ -61.55050163, -14.79110309 ], [ -61.54843992, -14.7784008 ], [ -61.55049602, -14.76947055 ], [ -61.55787909, -14.76277147 ], [ -61.55768359, -14.75425254 ], [ -61.56034445, -14.74882278 ], [ -61.56015284, -14.74293068 ], [ -61.56444747, -14.73648994 ], [ -61.56478142, -14.73300566 ], [ -61.57187635, -14.72649366 ], [ -61.57503489, -14.72731289 ], [ -61.57435039, -14.72492127 ], [ -61.57916618, -14.72195713 ], [ -61.57981381, -14.7180326 ], [ -61.58410061, -14.71665671 ], [ -61.58488637, -14.70558674 ], [ -61.59140187, -14.70025787 ], [ -61.591788, -14.69259267 ], [ -61.59529285, -14.69584768 ], [ -61.59479013, -14.69743626 ], [ -61.59802272, -14.70274857 ], [ -61.60714274, -14.70363723 ], [ -61.61025854, -14.70098461 ], [ -61.61541162, -14.70193756 ], [ -61.62023988, -14.69985347 ], [ -61.6274383, -14.69294855 ], [ -61.63213161, -14.69086659 ], [ -61.63337129, -14.69161919 ], [ -61.6349433, -14.68895044 ], [ -61.63857727, -14.68820122 ], [ -61.64417615, -14.68410328 ], [ -61.64543655, -14.67727665 ], [ -61.64428907, -14.66576209 ], [ -61.64783922, -14.66331739 ], [ -61.64830396, -14.65939148 ], [ -61.65104013, -14.65701989 ], [ -61.64990818, -14.65562378 ], [ -61.65131885, -14.65176617 ], [ -61.66103407, -14.64399029 ], [ -61.66039893, -14.64187705 ], [ -61.66208756, -14.64122988 ], [ -61.66283644, -14.63740661 ], [ -61.67521396, -14.6304198 ], [ -61.67481998, -14.62696893 ], [ -61.67791494, -14.62302744 ], [ -61.67853756, -14.61425148 ], [ -61.68233254, -14.61235284 ], [ -61.68175164, -14.60981044 ], [ -61.68655452, -14.60835954 ], [ -61.68890146, -14.60589679 ], [ -61.68909988, -14.59864689 ], [ -61.70318743, -14.58700261 ], [ -61.70486741, -14.587079 ], [ -61.73094718, -14.52625897 ], [ -61.7441903, -14.50401491 ], [ -61.77248869, -14.47920065 ], [ -61.89044098, -14.39500818 ], [ -61.93418677, -14.37394442 ], [ -61.96350429, -14.35243238 ], [ -61.98140506, -14.34229593 ], [ -62.03733704, -14.30347002 ], [ -62.06649954, -14.28631183 ], [ -62.09171427, -14.26789196 ], [ -62.12220053, -14.24274619 ], [ -62.13425313, -14.22282585 ], [ -62.14085124, -14.19844612 ], [ -62.14466883, -14.00700213 ], [ -62.13925884, -13.75960485 ], [ -61.52745159, -13.5299682 ], [ -61.51754304, -13.53318699 ], [ -61.51315073, -13.54394277 ], [ -61.50640017, -13.5490955 ], [ -61.49015178, -13.54813649 ], [ -61.47630522, -13.5545165 ], [ -61.46900476, -13.55484729 ], [ -61.44849516, -13.54738174 ], [ -61.43869129, -13.54689908 ], [ -61.40978614, -13.53801429 ], [ -61.40305127, -13.53829301 ], [ -61.40405131, -13.52780878 ], [ -61.40209747, -13.52500723 ], [ -61.39651428, -13.5219545 ], [ -61.38481186, -13.51949867 ], [ -61.35241799, -13.52152311 ], [ -61.34011305, -13.517199 ], [ -61.34008346, -13.51039436 ], [ -61.33457621, -13.50480143 ], [ -61.31138963, -13.50329765 ], [ -61.30147818, -13.50691816 ], [ -61.29951628, -13.50472928 ], [ -61.29908538, -13.50000902 ], [ -61.29432079, -13.49734686 ], [ -61.28860839, -13.49741618 ], [ -61.28476771, -13.5021377 ], [ -61.2774459, -13.50564768 ], [ -61.27457001, -13.50529749 ], [ -61.27022244, -13.50000701 ], [ -61.26084466, -13.49451123 ], [ -61.24453295, -13.49886064 ], [ -61.24264228, -13.50001371 ], [ -61.24163077, -13.50394497 ], [ -61.24483508, -13.5136088 ], [ -61.24347239, -13.51559337 ], [ -61.23762048, -13.51768284 ], [ -61.23335667, -13.52713755 ], [ -61.22179119, -13.53062447 ], [ -61.20839485, -13.52494964 ], [ -61.19958844, -13.53326437 ], [ -61.19359746, -13.53627429 ], [ -61.18363895, -13.52713449 ], [ -61.18367518, -13.52414047 ], [ -61.18923651, -13.52002645 ], [ -61.18997896, -13.51633963 ], [ -61.18646644, -13.5121574 ], [ -61.18512556, -13.50737064 ], [ -61.18313711, -13.50636253 ], [ -61.18129789, -13.5073807 ], [ -61.18278402, -13.51313435 ], [ -61.18147016, -13.51567112 ], [ -61.1783507, -13.51554108 ], [ -61.17157676, -13.51109078 ], [ -61.15709025, -13.51697732 ], [ -61.15379852, -13.5215455 ], [ -61.15212211, -13.52855076 ], [ -61.14839974, -13.53169206 ], [ -61.14451931, -13.53022773 ], [ -61.14669711, -13.51792447 ], [ -61.14545578, -13.5143349 ], [ -61.14204577, -13.51217851 ], [ -61.13860275, -13.51407539 ], [ -61.14061912, -13.52309809 ], [ -61.1392212, -13.52876681 ], [ -61.13605697, -13.52937327 ], [ -61.12983988, -13.52178854 ], [ -61.1230305, -13.52051518 ], [ -61.11346418, -13.52841379 ], [ -61.10510978, -13.53147304 ], [ -61.10176835, -13.52416459 ], [ -61.10503058, -13.52193912 ], [ -61.10529401, -13.51595091 ], [ -61.09799682, -13.50998009 ], [ -61.09528808, -13.50538044 ], [ -61.09291777, -13.49546798 ], [ -61.09074611, -13.49335016 ], [ -61.08861416, -13.49425975 ], [ -61.08711448, -13.50058013 ], [ -61.0813716, -13.49897094 ], [ -61.06498394, -13.50061158 ], [ -61.06215784, -13.50342716 ], [ -61.06010072, -13.51034017 ], [ -61.05736618, -13.5122804 ], [ -61.05372843, -13.51251838 ], [ -61.04228141, -13.50871952 ], [ -61.03825478, -13.50541171 ], [ -61.03859241, -13.50008452 ], [ -61.05288201, -13.49110619 ], [ -61.05402385, -13.48784672 ], [ -61.05305455, -13.48160726 ], [ -61.04517835, -13.47630027 ], [ -61.02358564, -13.48008936 ], [ -61.01108992, -13.48539884 ], [ -60.99264738, -13.49002663 ], [ -60.98912449, -13.49336865 ] ] ] } },
{ "type": "Feature", "properties": { "Municipio": "San Jose de Chiquitos" }, "geometry": { "type": "Polygon", "coordinates": [ [ [ -59.52580239, -17.64669239 ], [ -59.55859064, -17.64255021 ], [ -59.56677091, -17.6443159 ], [ -59.57656517, -17.64087933 ], [ -59.58057761, -17.6428855 ], [ -59.58707045, -17.64024119 ], [ -59.6065111, -17.64264209 ], [ -59.63208484, -17.64975252 ], [ -59.65331749, -17.66357687 ], [ -59.66513906, -17.66861578 ], [ -59.68362477, -17.67336676 ], [ -59.68911212, -17.68235855 ], [ -59.69046425, -17.70122959 ], [ -59.69587923, -17.73176942 ], [ -59.70127036, -17.75189713 ], [ -59.70962263, -17.7673322 ], [ -59.7276667, -17.77614837 ], [ -59.73718608, -17.77843395 ], [ -59.75023799, -17.77853306 ], [ -59.76558684, -17.78846202 ], [ -59.79240355, -17.79390839 ], [ -59.81094331, -17.80293868 ], [ -59.83563844, -17.8104352 ], [ -59.87616687, -17.8074034 ], [ -59.89832977, -17.80123762 ], [ -59.92515537, -17.80010456 ], [ -59.93254528, -17.79706106 ], [ -59.94307338, -17.78927089 ], [ -59.94490002, -17.79465853 ], [ -59.94857611, -17.79847346 ], [ -59.95192703, -17.79722848 ], [ -59.95595842, -17.8013881 ], [ -59.95601224, -17.81192884 ], [ -59.95799355, -17.81411151 ], [ -59.95827528, -17.81766052 ], [ -59.96235548, -17.82012648 ], [ -59.96801004, -17.82064178 ], [ -59.97323356, -17.8261222 ], [ -59.97320579, -17.8297043 ], [ -59.97582603, -17.83479643 ], [ -59.98065468, -17.8356743 ], [ -59.9817408, -17.83784578 ], [ -59.98477722, -17.83894228 ], [ -59.98518513, -17.84210091 ], [ -59.98850878, -17.84459053 ], [ -59.98777525, -17.84894672 ], [ -59.99138205, -17.84984333 ], [ -59.98714581, -17.85581885 ], [ -59.99621604, -17.86108199 ], [ -59.99691968, -17.86855356 ], [ -59.99962185, -17.868861 ], [ -60.00068267, -17.87226731 ], [ -60.00833785, -17.87427741 ], [ -60.01229151, -17.88131892 ], [ -60.01403707, -17.88182476 ], [ -60.01611947, -17.88931759 ], [ -60.01911649, -17.89242218 ], [ -60.01933352, -17.89623371 ], [ -60.02076349, -17.89723038 ], [ -60.02298806, -17.90552994 ], [ -60.02175298, -17.90945863 ], [ -60.0229228, -17.91275203 ], [ -60.02630144, -17.91439357 ], [ -60.02738925, -17.91762421 ], [ -60.03206074, -17.920938 ], [ -60.03163951, -17.92400867 ], [ -60.03543774, -17.92568751 ], [ -60.0391279, -17.93172378 ], [ -60.0444756, -17.93452608 ], [ -60.04344606, -17.93723691 ], [ -60.04577409, -17.94710553 ], [ -60.04862641, -17.95015373 ], [ -60.04878914, -17.95656615 ], [ -60.05178704, -17.95943187 ], [ -60.0558641, -17.95794693 ], [ -60.05894381, -17.9610884 ], [ -60.0609431, -17.96562005 ], [ -60.06091162, -17.97451101 ], [ -60.06726342, -17.98441031 ], [ -60.06178252, -17.9893717 ], [ -60.05625042, -18.00384147 ], [ -60.05764661, -18.00700764 ], [ -60.06672474, -18.01292949 ], [ -60.07331764, -18.02869435 ], [ -60.07468364, -18.06356913 ], [ -60.07559364, -18.07103796 ], [ -60.07898333, -18.07859262 ], [ -60.07770215, -18.08354325 ], [ -60.07880237, -18.09453471 ], [ -60.09693223, -18.18673237 ], [ -60.10184321, -18.19516807 ], [ -60.11751258, -18.41660965 ], [ -61.26359615, -18.24656046 ], [ -61.24001539, -18.10424172 ], [ -61.23019817, -17.9803818 ], [ -61.21808555, -17.89271262 ], [ -61.21325837, -17.84423358 ], [ -61.20600748, -17.84132476 ], [ -61.20457082, -17.83855023 ], [ -61.20457592, -17.83423275 ], [ -61.20877119, -17.82780645 ], [ -61.20839148, -17.82218337 ], [ -61.20998916, -17.81998567 ], [ -61.20635004, -17.80988199 ], [ -61.2087078, -17.80330159 ], [ -61.20452078, -17.79476507 ], [ -61.20457178, -17.78902288 ], [ -61.1975558, -17.78787513 ], [ -61.19308682, -17.78349818 ], [ -61.18722232, -17.79087079 ], [ -61.18366403, -17.79250191 ], [ -61.17780234, -17.78795457 ], [ -61.17644366, -17.78392578 ], [ -61.17634457, -17.78114782 ], [ -61.17914981, -17.77734238 ], [ -61.17815756, -17.77521623 ], [ -61.18194559, -17.77258387 ], [ -61.18204981, -17.76975797 ], [ -61.18849301, -17.7664104 ], [ -61.18718996, -17.76195623 ], [ -61.19304509, -17.76346022 ], [ -61.19253206, -17.76062262 ], [ -61.19560363, -17.75902533 ], [ -61.19822058, -17.7596721 ], [ -61.19895445, -17.75710888 ], [ -61.20492124, -17.75899036 ], [ -61.20672949, -17.75752546 ], [ -61.20911023, -17.75815632 ], [ -61.21779232, -17.7509384 ], [ -61.21773543, -17.74884897 ], [ -61.21957579, -17.75180476 ], [ -61.22116344, -17.7486883 ], [ -61.22007118, -17.74739013 ], [ -61.22205443, -17.74546398 ], [ -61.21948819, -17.74426098 ], [ -61.22283955, -17.74244741 ], [ -61.2226929, -17.74097899 ], [ -61.2200022, -17.74051219 ], [ -61.22021667, -17.73678938 ], [ -61.22331411, -17.73239454 ], [ -61.22415428, -17.72532371 ], [ -61.21815597, -17.71902206 ], [ -61.21525714, -17.72048654 ], [ -61.2152624, -17.72220902 ], [ -61.21387673, -17.72032811 ], [ -61.20971728, -17.72042711 ], [ -61.2096062, -17.71770664 ], [ -61.20590878, -17.71844401 ], [ -61.20404315, -17.71651041 ], [ -61.20132136, -17.71769732 ], [ -61.19700287, -17.71625886 ], [ -61.19392185, -17.71264918 ], [ -61.19551212, -17.70979701 ], [ -61.19274926, -17.70925022 ], [ -61.18797603, -17.7042218 ], [ -61.18512938, -17.70489299 ], [ -61.18346891, -17.70306054 ], [ -61.18478185, -17.7012562 ], [ -61.18380151, -17.69909551 ], [ -61.17877578, -17.70004073 ], [ -61.17484878, -17.69566975 ], [ -61.1747812, -17.69244361 ], [ -61.17066787, -17.69473469 ], [ -61.16768611, -17.69383375 ], [ -61.16466695, -17.69524126 ], [ -61.16497795, -17.69271191 ], [ -61.16367521, -17.69434377 ], [ -61.15959788, -17.69171944 ], [ -61.15524717, -17.69179625 ], [ -61.15179269, -17.68444362 ], [ -61.14913368, -17.68557493 ], [ -61.15062817, -17.6827235 ], [ -61.14981746, -17.67945867 ], [ -61.15129498, -17.67854863 ], [ -61.14847708, -17.67719801 ], [ -61.14694652, -17.67034699 ], [ -61.14793123, -17.66837169 ], [ -61.14515685, -17.66745026 ], [ -61.14531795, -17.66536938 ], [ -61.14273035, -17.66254254 ], [ -61.13874003, -17.66294582 ], [ -61.1352286, -17.66001303 ], [ -61.13418575, -17.66251322 ], [ -61.13111219, -17.66145172 ], [ -61.13394134, -17.65641044 ], [ -61.13172209, -17.65549745 ], [ -61.13057421, -17.65199312 ], [ -61.13292217, -17.65191302 ], [ -61.13244819, -17.64855579 ], [ -61.13462106, -17.64756714 ], [ -61.13426949, -17.64401913 ], [ -61.1360498, -17.64289655 ], [ -61.13824311, -17.64461315 ], [ -61.13847867, -17.64185958 ], [ -61.13403351, -17.6359026 ], [ -61.13546704, -17.63425533 ], [ -61.13889177, -17.63515486 ], [ -61.13914914, -17.63102397 ], [ -61.13692624, -17.62751844 ], [ -61.13903989, -17.62634558 ], [ -61.13634913, -17.62398757 ], [ -61.13213561, -17.62456505 ], [ -61.13073611, -17.62019173 ], [ -61.1292747, -17.62027629 ], [ -61.13042321, -17.61859718 ], [ -61.12938815, -17.61680711 ], [ -61.13252188, -17.61371486 ], [ -61.13213478, -17.61122564 ], [ -61.1346377, -17.61118073 ], [ -61.13680597, -17.6084752 ], [ -61.13603483, -17.60483413 ], [ -61.13846897, -17.60654668 ], [ -61.14175897, -17.60474772 ], [ -61.14081379, -17.60220388 ], [ -61.14517622, -17.59903146 ], [ -61.14337275, -17.59811488 ], [ -61.1447355, -17.59616843 ], [ -61.14388483, -17.59387785 ], [ -61.14663724, -17.59177739 ], [ -61.1559664, -17.59140955 ], [ -61.15546782, -17.58803118 ], [ -61.15907398, -17.58875477 ], [ -61.16538156, -17.58567609 ], [ -61.16873452, -17.58557738 ], [ -61.16982768, -17.58730607 ], [ -61.17267579, -17.58018476 ], [ -61.17263412, -17.57393425 ], [ -61.17066435, -17.57028262 ], [ -61.16829469, -17.57011038 ], [ -61.16768669, -17.5671087 ], [ -61.16551743, -17.57005105 ], [ -61.16442766, -17.56765597 ], [ -61.16003002, -17.56614113 ], [ -61.15943224, -17.56380789 ], [ -61.15739476, -17.56518232 ], [ -61.15488072, -17.56142831 ], [ -61.15293382, -17.56369696 ], [ -61.15119351, -17.56334783 ], [ -61.15214582, -17.56009368 ], [ -61.15431536, -17.55954129 ], [ -61.15331421, -17.55620447 ], [ -61.15094969, -17.55496499 ], [ -61.14762303, -17.55663889 ], [ -61.14506765, -17.55479239 ], [ -61.14540967, -17.5512974 ], [ -61.14857086, -17.54931331 ], [ -61.14598759, -17.53934808 ], [ -61.14723667, -17.53365544 ], [ -61.14894993, -17.53333064 ], [ -61.14952323, -17.53601048 ], [ -61.15129955, -17.53302013 ], [ -61.15285057, -17.53362542 ], [ -61.1545825, -17.53193341 ], [ -61.15543417, -17.53400565 ], [ -61.15816892, -17.53284699 ], [ -61.16008936, -17.53025603 ], [ -61.15981286, -17.5270872 ], [ -61.16372333, -17.52246363 ], [ -61.15999198, -17.52225099 ], [ -61.16006317, -17.51813042 ], [ -61.16167135, -17.51901904 ], [ -61.16264425, -17.51742611 ], [ -61.16349881, -17.5202927 ], [ -61.17089372, -17.51519128 ], [ -61.18013304, -17.5152811 ], [ -61.17977149, -17.51076397 ], [ -61.17764424, -17.51262672 ], [ -61.17494009, -17.51247601 ], [ -61.17827373, -17.50860833 ], [ -61.17503806, -17.50699593 ], [ -61.18029129, -17.50463095 ], [ -61.1824285, -17.50036106 ], [ -61.18480881, -17.50268055 ], [ -61.1861134, -17.49973436 ], [ -61.1885561, -17.50058774 ], [ -61.18821326, -17.49660485 ], [ -61.19185659, -17.49895265 ], [ -61.19296291, -17.49613009 ], [ -61.19625426, -17.49593843 ], [ -61.20025544, -17.49308425 ], [ -61.20037543, -17.48965858 ], [ -61.19705274, -17.49124638 ], [ -61.19502945, -17.49015551 ], [ -61.19632572, -17.48556332 ], [ -61.19410534, -17.48112358 ], [ -61.19605843, -17.47812935 ], [ -61.20057077, -17.47728305 ], [ -61.20222945, -17.47310769 ], [ -61.20514595, -17.47102705 ], [ -61.20752768, -17.46636736 ], [ -61.20823971, -17.45847099 ], [ -61.21600254, -17.45784903 ], [ -61.22208877, -17.45427125 ], [ -61.22686744, -17.45551261 ], [ -61.22633131, -17.452142 ], [ -61.22850336, -17.44933973 ], [ -61.22497926, -17.44619279 ], [ -61.22785125, -17.44334203 ], [ -61.2276572, -17.44026877 ], [ -61.22551511, -17.43876226 ], [ -61.22207066, -17.4395231 ], [ -61.21447096, -17.4338747 ], [ -61.21361747, -17.43014908 ], [ -61.2187502, -17.42853161 ], [ -61.22008035, -17.42510411 ], [ -61.22353911, -17.42629342 ], [ -61.22655377, -17.42540527 ], [ -61.2312443, -17.42922662 ], [ -61.23558178, -17.42537431 ], [ -61.23994896, -17.42396915 ], [ -61.24245058, -17.43031006 ], [ -61.24763046, -17.4308512 ], [ -61.25768322, -17.42238458 ], [ -61.25502453, -17.41438174 ], [ -61.26076147, -17.41163508 ], [ -61.26204409, -17.40713122 ], [ -61.25426741, -17.40252118 ], [ -61.24609533, -17.40143894 ], [ -61.2409914, -17.3957693 ], [ -61.23474155, -17.39384538 ], [ -61.23097584, -17.38800791 ], [ -61.2200499, -17.38869391 ], [ -61.21563931, -17.38669534 ], [ -61.2147083, -17.37945679 ], [ -61.217774, -17.37293118 ], [ -61.21335853, -17.36892592 ], [ -61.19564584, -17.3683607 ], [ -61.19010747, -17.3647868 ], [ -61.18630603, -17.36639023 ], [ -61.17635722, -17.36455478 ], [ -61.16621587, -17.36655937 ], [ -61.15254564, -17.3640442 ], [ -61.14044502, -17.36641559 ], [ -61.13579853, -17.35791894 ], [ -61.12742634, -17.35803338 ], [ -61.12280265, -17.35601195 ], [ -61.12486676, -17.35154187 ], [ -61.12385004, -17.34945025 ], [ -61.1163769, -17.35136862 ], [ -61.11406922, -17.34954872 ], [ -61.11080779, -17.34981479 ], [ -61.10556194, -17.35525098 ], [ -61.102942, -17.35379729 ], [ -61.09867146, -17.3552308 ], [ -61.09504615, -17.35423312 ], [ -61.09047551, -17.34894035 ], [ -61.08126096, -17.35041607 ], [ -61.07746968, -17.34691573 ], [ -61.0766753, -17.3374012 ], [ -61.07188447, -17.34167689 ], [ -61.063729, -17.34391251 ], [ -61.0573863, -17.3397612 ], [ -61.04999417, -17.33990997 ], [ -61.04585968, -17.33823273 ], [ -61.03278014, -17.34128901 ], [ -61.02878314, -17.33691348 ], [ -61.02078706, -17.33494673 ], [ -61.01414459, -17.32998771 ], [ -61.00528241, -17.31581158 ], [ -60.99552611, -17.30492288 ], [ -60.99573457, -17.30299456 ], [ -60.99069813, -17.29608994 ], [ -60.98348252, -17.29800159 ], [ -60.97144705, -17.2941337 ], [ -60.96276896, -17.29472748 ], [ -60.9531096, -17.29772627 ], [ -60.94387411, -17.29542278 ], [ -60.93999074, -17.29754724 ], [ -60.93710157, -17.29711713 ], [ -60.93250067, -17.28671151 ], [ -60.93477058, -17.28253418 ], [ -60.93429228, -17.27627425 ], [ -60.93629917, -17.27209534 ], [ -60.93532572, -17.2676396 ], [ -60.9330262, -17.2656699 ], [ -60.93323185, -17.25888583 ], [ -60.92562008, -17.2550412 ], [ -60.92201788, -17.24989959 ], [ -60.91756959, -17.25068859 ], [ -60.91295066, -17.24583935 ], [ -60.90922433, -17.24573693 ], [ -60.90756102, -17.24211058 ], [ -60.90436981, -17.24243605 ], [ -60.89659918, -17.23943909 ], [ -60.8835893, -17.23978555 ], [ -60.87488499, -17.2352093 ], [ -60.86369392, -17.21918276 ], [ -60.85703871, -17.21569761 ], [ -60.85631065, -17.19583171 ], [ -60.84227921, -17.18995856 ], [ -60.84174832, -17.18498419 ], [ -60.84521837, -17.17987398 ], [ -60.84307349, -17.17718569 ], [ -60.83967919, -17.1764503 ], [ -60.83473391, -17.1784612 ], [ -60.82629082, -17.17732052 ], [ -60.82261772, -17.18064879 ], [ -60.8208825, -17.17864698 ], [ -60.81370116, -17.17704682 ], [ -60.81225591, -17.17762176 ], [ -60.81339134, -17.18526396 ], [ -60.80889264, -17.18412247 ], [ -60.80408302, -17.18752426 ], [ -60.80214341, -17.18645562 ], [ -60.79912626, -17.18773347 ], [ -60.79315119, -17.18659279 ], [ -60.79086049, -17.18441968 ], [ -60.7872526, -17.18657749 ], [ -60.78364025, -17.18383319 ], [ -60.77746309, -17.1844472 ], [ -60.77441388, -17.18697578 ], [ -60.76739867, -17.18886564 ], [ -60.7568394, -17.19787066 ], [ -60.7455739, -17.19747101 ], [ -60.74217586, -17.20095306 ], [ -60.7329226, -17.20461332 ], [ -60.71396644, -17.20533459 ], [ -60.70263108, -17.20912523 ], [ -60.69320046, -17.20679322 ], [ -60.67840554, -17.21671352 ], [ -60.68178693, -17.21885582 ], [ -60.6829222, -17.22268988 ], [ -60.67557722, -17.23452954 ], [ -60.66863448, -17.2407624 ], [ -60.65955144, -17.24281555 ], [ -60.65273824, -17.24234142 ], [ -60.64386628, -17.24804274 ], [ -60.63823645, -17.25707257 ], [ -60.61985252, -17.25873279 ], [ -60.61495296, -17.25779957 ], [ -60.61100426, -17.2615722 ], [ -60.60960266, -17.26787189 ], [ -60.60090854, -17.2675623 ], [ -60.57954235, -17.26052436 ], [ -60.57111699, -17.25620547 ], [ -60.56839499, -17.25305266 ], [ -60.57365101, -17.24724592 ], [ -60.57280817, -17.24022994 ], [ -60.57084592, -17.23655347 ], [ -60.56636792, -17.23689208 ], [ -60.56739796, -17.23469523 ], [ -60.5646619, -17.23301265 ], [ -60.55628992, -17.23695609 ], [ -60.55328507, -17.23301296 ], [ -60.54830985, -17.23362694 ], [ -60.54697028, -17.23160874 ], [ -60.53989153, -17.22881308 ], [ -60.52888969, -17.2318111 ], [ -60.52644146, -17.23010261 ], [ -60.52568243, -17.22509226 ], [ -60.51777705, -17.21999367 ], [ -60.51067527, -17.22032469 ], [ -60.50294937, -17.22661664 ], [ -60.49894317, -17.23214038 ], [ -60.48898368, -17.23600953 ], [ -60.48041574, -17.23559363 ], [ -60.47396577, -17.23130887 ], [ -60.46233432, -17.23436404 ], [ -60.45663636, -17.22909925 ], [ -60.44720119, -17.22643541 ], [ -60.44477457, -17.22194455 ], [ -60.3846293, -17.20957646 ], [ -59.52019698, -17.00905072 ], [ -59.52580239, -17.64669239 ] ] ] } },
{ "type": "Feature", "properties": { "Municipio": "San Miguel de Velasco" }, "geometry": { "type": "Polygon", "coordinates": [ [ [ -61.27565389, -16.23644787 ], [ -61.25669458, -16.27924189 ], [ -61.26566442, -16.30840744 ], [ -61.26546287, -16.33178122 ], [ -61.25582922, -16.37117608 ], [ -61.24556338, -16.40415099 ], [ -61.23675684, -16.4224863 ], [ -61.22914629, -16.43371229 ], [ -61.20224786, -16.46083996 ], [ -61.17054883, -16.47481684 ], [ -61.15230497, -16.47908382 ], [ -61.12072911, -16.48242489 ], [ -61.09326203, -16.49056596 ], [ -61.06977084, -16.49531843 ], [ -61.02808585, -16.48196749 ], [ -60.98123871, -16.47064085 ], [ -60.95417372, -16.47204797 ], [ -60.93434962, -16.4704462 ], [ -60.93407329, -16.48244677 ], [ -60.92229492, -16.51338836 ], [ -60.9046129, -16.55036723 ], [ -60.90118032, -16.57739207 ], [ -60.8501261, -16.73513212 ], [ -60.85731454, -16.74300081 ], [ -60.86200538, -16.75517161 ], [ -60.86953229, -16.7647418 ], [ -60.87458493, -16.78467533 ], [ -60.88773015, -16.80434865 ], [ -60.88704772, -16.81527332 ], [ -60.87928034, -16.84726343 ], [ -60.86906223, -16.85375144 ], [ -60.85812944, -16.8569173 ], [ -60.83549128, -16.87184054 ], [ -60.82860823, -16.87458173 ], [ -60.82270764, -16.88327259 ], [ -60.81725282, -16.88528406 ], [ -60.8135065, -16.88870745 ], [ -60.81177057, -16.89312631 ], [ -60.76844535, -16.90536484 ], [ -60.7518516, -16.9121096 ], [ -60.73824968, -16.92224097 ], [ -60.73403851, -16.92204133 ], [ -60.72619091, -16.92503413 ], [ -60.72568079, -16.93043473 ], [ -60.71852916, -16.9372699 ], [ -60.72120512, -16.94805801 ], [ -60.72499434, -16.95200721 ], [ -60.72599155, -16.96251599 ], [ -60.7222657, -16.97329672 ], [ -60.72043787, -16.97576542 ], [ -60.71696659, -16.97527658 ], [ -60.71792927, -16.97876758 ], [ -60.72423956, -16.98667385 ], [ -60.72473875, -16.99187412 ], [ -60.72270037, -16.99315003 ], [ -60.7241129, -17.00647721 ], [ -60.71968944, -17.0097826 ], [ -60.71896536, -17.01388694 ], [ -60.72389855, -17.01491619 ], [ -60.72556082, -17.01688279 ], [ -60.72519032, -17.01963864 ], [ -60.72154541, -17.02360207 ], [ -60.7219452, -17.027719 ], [ -60.71454103, -17.03575255 ], [ -60.71493014, -17.04073513 ], [ -60.71855665, -17.04759388 ], [ -60.7168469, -17.04952266 ], [ -60.71732019, -17.05683327 ], [ -60.71539736, -17.05778563 ], [ -60.71603761, -17.0606066 ], [ -60.72048159, -17.06498544 ], [ -60.71576851, -17.07348195 ], [ -60.72134225, -17.07744064 ], [ -60.72226286, -17.08496196 ], [ -60.72537146, -17.08824353 ], [ -60.73031084, -17.09167856 ], [ -60.73680583, -17.09142968 ], [ -60.73780173, -17.10180228 ], [ -60.74766224, -17.1206387 ], [ -60.75562135, -17.1256262 ], [ -60.75798252, -17.13174691 ], [ -60.77239471, -17.14041199 ], [ -60.77625907, -17.14696401 ], [ -60.78453691, -17.1494181 ], [ -60.78552431, -17.1511277 ], [ -60.78421779, -17.15278543 ], [ -60.78354982, -17.16377633 ], [ -60.78931442, -17.16258524 ], [ -60.79244844, -17.1660088 ], [ -60.8010932, -17.1700216 ], [ -60.80862917, -17.1683665 ], [ -60.81455902, -17.17226849 ], [ -60.81769173, -17.17739597 ], [ -60.82202589, -17.18063487 ], [ -60.82629082, -17.17732052 ], [ -60.83473391, -17.1784612 ], [ -60.84020583, -17.17644658 ], [ -60.84439387, -17.17800901 ], [ -60.84512076, -17.18021779 ], [ -60.84174832, -17.18498419 ], [ -60.84227921, -17.18995856 ], [ -60.85631065, -17.19583171 ], [ -60.85703871, -17.21569761 ], [ -60.86369392, -17.21918276 ], [ -60.87488499, -17.2352093 ], [ -60.8835893, -17.23978555 ], [ -60.89659918, -17.23943909 ], [ -60.90436981, -17.24243605 ], [ -60.90756102, -17.24211058 ], [ -60.90922433, -17.24573693 ], [ -60.91295066, -17.24583935 ], [ -60.91756959, -17.25068859 ], [ -60.92201788, -17.24989959 ], [ -60.92562008, -17.2550412 ], [ -60.93323185, -17.25888583 ], [ -60.9330262, -17.2656699 ], [ -60.93532572, -17.2676396 ], [ -60.93629917, -17.27209534 ], [ -60.93429228, -17.27627425 ], [ -60.93477058, -17.28253418 ], [ -60.93250067, -17.28671151 ], [ -60.93662512, -17.2968503 ], [ -60.93999074, -17.29754724 ], [ -60.94387411, -17.29542278 ], [ -60.9531096, -17.29772627 ], [ -60.96276896, -17.29472748 ], [ -60.97144705, -17.2941337 ], [ -60.98348252, -17.29800159 ], [ -60.99069813, -17.29608994 ], [ -60.99573457, -17.30299456 ], [ -60.99552611, -17.30492288 ], [ -61.00528241, -17.31581158 ], [ -61.01414459, -17.32998771 ], [ -61.02078706, -17.33494673 ], [ -61.02878314, -17.33691348 ], [ -61.03278014, -17.34128901 ], [ -61.04585968, -17.33823273 ], [ -61.04999417, -17.33990997 ], [ -61.0573863, -17.3397612 ], [ -61.063729, -17.34391251 ], [ -61.07188447, -17.34167689 ], [ -61.0766753, -17.3374012 ], [ -61.07746968, -17.34691573 ], [ -61.08126096, -17.35041607 ], [ -61.09047551, -17.34894035 ], [ -61.09504615, -17.35423312 ], [ -61.09867146, -17.3552308 ], [ -61.102942, -17.35379729 ], [ -61.10556194, -17.35525098 ], [ -61.11080779, -17.34981479 ], [ -61.11406922, -17.34954872 ], [ -61.1163769, -17.35136862 ], [ -61.12385004, -17.34945025 ], [ -61.12486676, -17.35154187 ], [ -61.12280265, -17.35601195 ], [ -61.12742634, -17.35803338 ], [ -61.13579853, -17.35791894 ], [ -61.14044502, -17.36641559 ], [ -61.15254564, -17.3640442 ], [ -61.16621587, -17.36655937 ], [ -61.17635722, -17.36455478 ], [ -61.18630603, -17.36639023 ], [ -61.19010747, -17.3647868 ], [ -61.19564584, -17.3683607 ], [ -61.21335853, -17.36892592 ], [ -61.217774, -17.37293118 ], [ -61.2147083, -17.37945679 ], [ -61.21563931, -17.38669534 ], [ -61.2200499, -17.38869391 ], [ -61.23097584, -17.38800791 ], [ -61.23474155, -17.39384538 ], [ -61.2409914, -17.3957693 ], [ -61.24609533, -17.40143894 ], [ -61.25426741, -17.40252118 ], [ -61.256609, -17.39702452 ], [ -61.26309764, -17.40082412 ], [ -61.26483637, -17.40023659 ], [ -61.26720685, -17.39799963 ], [ -61.2664728, -17.39451794 ], [ -61.26786893, -17.39313658 ], [ -61.27454332, -17.3979698 ], [ -61.28132058, -17.39736288 ], [ -61.2847112, -17.39244524 ], [ -61.28610183, -17.39415126 ], [ -61.28823825, -17.3930491 ], [ -61.29222184, -17.38905264 ], [ -61.29125795, -17.38807199 ], [ -61.29248742, -17.38649444 ], [ -61.29709728, -17.38604781 ], [ -61.29794921, -17.38348117 ], [ -61.30052381, -17.38534244 ], [ -61.30258737, -17.38006174 ], [ -61.30687354, -17.37969354 ], [ -61.30830624, -17.37593611 ], [ -61.30731807, -17.37283199 ], [ -61.31074077, -17.37058833 ], [ -61.31734337, -17.36890026 ], [ -61.3255257, -17.3693778 ], [ -61.32795918, -17.37080185 ], [ -61.32704944, -17.37308142 ], [ -61.33234066, -17.37494447 ], [ -61.33988805, -17.37111395 ], [ -61.34062131, -17.36823656 ], [ -61.34472722, -17.36795845 ], [ -61.34706528, -17.37162006 ], [ -61.34915757, -17.37197471 ], [ -61.35252262, -17.36465664 ], [ -61.3515769, -17.36244818 ], [ -61.35332452, -17.35776213 ], [ -61.35199623, -17.35549441 ], [ -61.35446677, -17.35441607 ], [ -61.35737228, -17.3561021 ], [ -61.36622853, -17.34983592 ], [ -61.36799709, -17.3456319 ], [ -61.37842336, -17.34469467 ], [ -61.38382518, -17.3412194 ], [ -61.39071153, -17.34467244 ], [ -61.39485896, -17.34316526 ], [ -61.39660431, -17.34826986 ], [ -61.39924561, -17.34887906 ], [ -61.39955442, -17.34211967 ], [ -61.40267313, -17.34053864 ], [ -61.4106807, -17.33990986 ], [ -61.41214401, -17.34161541 ], [ -61.42086625, -17.34412317 ], [ -61.42418569, -17.34307072 ], [ -61.42552164, -17.34640558 ], [ -61.42110359, -17.35191822 ], [ -61.42215766, -17.35416133 ], [ -61.42542614, -17.3537859 ], [ -61.42589311, -17.35619851 ], [ -61.42984088, -17.35889087 ], [ -61.43950392, -17.3600706 ], [ -61.44180644, -17.35649951 ], [ -61.44608843, -17.35436052 ], [ -61.44808386, -17.34989264 ], [ -61.44156533, -17.34427363 ], [ -61.43747935, -17.33743258 ], [ -61.44159151, -17.33596995 ], [ -61.43886563, -17.33078969 ], [ -61.44123468, -17.32683865 ], [ -61.44468968, -17.32505772 ], [ -61.44840433, -17.32595023 ], [ -61.45345024, -17.33213255 ], [ -61.45579524, -17.33028648 ], [ -61.47005509, -17.3301941 ], [ -61.46857463, -17.33339912 ], [ -61.47168217, -17.33389167 ], [ -61.47158811, -17.33544686 ], [ -61.46814257, -17.34114579 ], [ -61.47177911, -17.34251587 ], [ -61.472383, -17.34050617 ], [ -61.47424389, -17.34181178 ], [ -61.47491552, -17.34000042 ], [ -61.47902603, -17.340193 ], [ -61.48086576, -17.34216093 ], [ -61.48031505, -17.34654658 ], [ -61.48889242, -17.34669121 ], [ -61.4929066, -17.33786859 ], [ -61.49178203, -17.32212973 ], [ -61.4956647, -17.32079225 ], [ -61.49580012, -17.3237782 ], [ -61.50077323, -17.32720295 ], [ -61.50960366, -17.32613858 ], [ -61.51043027, -17.31445532 ], [ -61.50660487, -17.3084819 ], [ -61.50714725, -17.30328718 ], [ -61.49705748, -17.30080972 ], [ -61.49719375, -17.29808939 ], [ -61.49494781, -17.29589131 ], [ -61.49879211, -17.29407543 ], [ -61.49988782, -17.29006024 ], [ -61.50523138, -17.28915734 ], [ -61.51032286, -17.28589116 ], [ -61.51336847, -17.28761275 ], [ -61.51581294, -17.28515671 ], [ -61.51892674, -17.28853074 ], [ -61.52236263, -17.28469611 ], [ -61.52596065, -17.28552118 ], [ -61.5266262, -17.28266045 ], [ -61.53082365, -17.28433542 ], [ -61.53263921, -17.28317427 ], [ -61.53521568, -17.28713919 ], [ -61.5376152, -17.27797259 ], [ -61.53643023, -17.27553678 ], [ -61.54418675, -17.27003415 ], [ -61.54536822, -17.26746721 ], [ -61.54987551, -17.27060033 ], [ -61.55080234, -17.26912722 ], [ -61.54938632, -17.26584704 ], [ -61.57034599, -17.2575644 ], [ -61.57280895, -17.25363018 ], [ -61.58050757, -17.25235536 ], [ -61.57998797, -17.24654321 ], [ -61.58485394, -17.24607914 ], [ -61.58436899, -17.23702445 ], [ -61.58025136, -17.23187025 ], [ -61.58097293, -17.23023023 ], [ -61.58350809, -17.22850251 ], [ -61.59076039, -17.2300601 ], [ -61.59228464, -17.22762991 ], [ -61.59785139, -17.22794003 ], [ -61.60234188, -17.22600776 ], [ -61.60334008, -17.22144447 ], [ -61.60660722, -17.22111145 ], [ -61.61014775, -17.2237878 ], [ -61.61121057, -17.21448691 ], [ -61.61019802, -17.20741521 ], [ -61.60501768, -17.20328437 ], [ -61.60380827, -17.19775534 ], [ -61.60529655, -17.18808212 ], [ -61.5996343, -17.18975082 ], [ -61.59856162, -17.19196945 ], [ -61.59579117, -17.18976783 ], [ -61.59408219, -17.18435893 ], [ -61.58903266, -17.18114617 ], [ -61.5920745, -17.17361807 ], [ -61.59616906, -17.17481754 ], [ -61.59714738, -17.17062236 ], [ -61.59910573, -17.17071693 ], [ -61.60392435, -17.17669118 ], [ -61.60330372, -17.17876717 ], [ -61.60782444, -17.1795707 ], [ -61.61432573, -17.1844464 ], [ -61.61326521, -17.18976926 ], [ -61.61615497, -17.19194642 ], [ -61.63022061, -17.18416396 ], [ -61.6295138, -17.18086018 ], [ -61.63113697, -17.17470341 ], [ -61.63448963, -17.17358714 ], [ -61.63678462, -17.17593127 ], [ -61.63985776, -17.17132265 ], [ -61.64261607, -17.17041951 ], [ -61.65778663, -17.18325194 ], [ -61.65971803, -17.18299595 ], [ -61.66598984, -17.17902548 ], [ -61.66533402, -17.17192966 ], [ -61.67100876, -17.17118603 ], [ -61.67360403, -17.16901251 ], [ -61.67608357, -17.17026643 ], [ -61.67764619, -17.16615251 ], [ -61.67404756, -17.16514373 ], [ -61.67043688, -17.15537488 ], [ -61.67026603, -17.1519513 ], [ -61.6734948, -17.1490334 ], [ -61.68729064, -17.14197073 ], [ -61.69531076, -17.14158518 ], [ -61.70896651, -17.13638526 ], [ -61.7117139, -17.13641642 ], [ -61.71103321, -17.13877108 ], [ -61.71526129, -17.1387818 ], [ -61.71735023, -17.14105229 ], [ -61.72136956, -17.13053489 ], [ -61.72882595, -17.13079956 ], [ -61.73377096, -17.12617827 ], [ -61.73868001, -17.12544323 ], [ -61.73984621, -17.12206997 ], [ -61.7430487, -17.12064576 ], [ -61.74881377, -17.12431327 ], [ -61.75414719, -17.12476757 ], [ -61.75784474, -17.11830061 ], [ -61.76240535, -17.11975423 ], [ -61.76899558, -17.11655751 ], [ -61.76821921, -17.11424606 ], [ -61.76349545, -17.1130478 ], [ -61.76909362, -17.11057777 ], [ -61.76892138, -17.10871771 ], [ -61.77193002, -17.10867535 ], [ -61.77159694, -17.10569086 ], [ -61.77368457, -17.10478769 ], [ -61.77221932, -17.1027159 ], [ -61.77753158, -17.10337679 ], [ -61.78327105, -17.09775419 ], [ -61.78563136, -17.10054903 ], [ -61.78677938, -17.09913015 ], [ -61.7848713, -17.09623694 ], [ -61.78549186, -17.09468756 ], [ -61.79189342, -17.0917226 ], [ -61.79526532, -17.09353723 ], [ -61.79729635, -17.08904753 ], [ -61.80137296, -17.08708102 ], [ -61.80559792, -17.08998706 ], [ -61.80707886, -17.08697671 ], [ -61.80779958, -17.09027757 ], [ -61.80463678, -17.09264507 ], [ -61.80508612, -17.09388035 ], [ -61.80931509, -17.09248637 ], [ -61.80989188, -17.0957433 ], [ -61.81185033, -17.09272608 ], [ -61.81645326, -17.09082073 ], [ -61.81867379, -17.0953188 ], [ -61.824061, -17.09015985 ], [ -61.82771073, -17.09741963 ], [ -61.83034647, -17.09646197 ], [ -61.83180272, -17.09943029 ], [ -61.83375601, -17.09760862 ], [ -61.83562264, -17.10084694 ], [ -61.8458727, -17.10260759 ], [ -61.84618827, -17.09993568 ], [ -61.8381376, -17.09830432 ], [ -61.8400413, -17.0948737 ], [ -61.83755606, -17.0917823 ], [ -61.83483928, -17.09214337 ], [ -61.83504017, -17.0867598 ], [ -61.82775136, -17.08794539 ], [ -61.82878305, -17.08524023 ], [ -61.8260297, -17.08479691 ], [ -61.82764389, -17.08268125 ], [ -61.82423375, -17.08298316 ], [ -61.82492646, -17.07998396 ], [ -61.82262045, -17.07762566 ], [ -61.82375329, -17.07376935 ], [ -61.82086199, -17.07364988 ], [ -61.82509129, -17.07080687 ], [ -61.8287666, -17.07217969 ], [ -61.83076518, -17.07021942 ], [ -61.83058967, -17.07870686 ], [ -61.83377085, -17.07902898 ], [ -61.83484029, -17.08170392 ], [ -61.83959676, -17.07597871 ], [ -61.83835038, -17.06969622 ], [ -61.84228258, -17.06770791 ], [ -61.84465117, -17.07098488 ], [ -61.84431953, -17.06666671 ], [ -61.85071342, -17.06333193 ], [ -61.85376737, -17.06466732 ], [ -61.85555657, -17.06158308 ], [ -61.85384452, -17.05756087 ], [ -61.85116059, -17.0584506 ], [ -61.84881077, -17.05634616 ], [ -61.84912132, -17.05038606 ], [ -61.84574037, -17.04500831 ], [ -61.84708693, -17.03963108 ], [ -61.85087904, -17.03386804 ], [ -61.84520215, -17.03190657 ], [ -61.84428846, -17.0291427 ], [ -61.84306185, -17.0303808 ], [ -61.8408289, -17.02903458 ], [ -61.84096522, -17.03101286 ], [ -61.83593202, -17.03055477 ], [ -61.83610313, -17.02689999 ], [ -61.83199401, -17.02767002 ], [ -61.83192492, -17.03010245 ], [ -61.82844551, -17.03163711 ], [ -61.82740033, -17.0346949 ], [ -61.82085261, -17.03373579 ], [ -61.8131199, -17.02832756 ], [ -61.81158773, -17.03363962 ], [ -61.80827549, -17.03219566 ], [ -61.79812715, -17.03357351 ], [ -61.79842541, -17.0354942 ], [ -61.79678287, -17.03687653 ], [ -61.79150429, -17.03678667 ], [ -61.78732978, -17.03926617 ], [ -61.78450552, -17.03754506 ], [ -61.77990934, -17.03840867 ], [ -61.77542843, -17.03607903 ], [ -61.76909984, -17.03552043 ], [ -61.76892599, -17.03320367 ], [ -61.76603642, -17.03118919 ], [ -61.7594292, -17.03196859 ], [ -61.75236482, -17.01744161 ], [ -61.73026553, -17.02717019 ], [ -61.72693117, -17.03133076 ], [ -61.72870386, -17.03272313 ], [ -61.72298568, -17.03264479 ], [ -61.7169306, -17.03052393 ], [ -61.71561807, -17.02673804 ], [ -61.7122252, -17.02548925 ], [ -61.70655346, -17.02717471 ], [ -61.70042014, -17.02521228 ], [ -61.69690804, -17.02209761 ], [ -61.69292079, -17.02116351 ], [ -61.69072385, -17.0168405 ], [ -61.68593221, -17.01470345 ], [ -61.67777361, -17.02254577 ], [ -61.67443109, -17.02809952 ], [ -61.67102458, -17.02732814 ], [ -61.66128401, -17.01349043 ], [ -61.66080756, -17.008339 ], [ -61.66310549, -17.00186904 ], [ -61.65551208, -16.99016642 ], [ -61.65674261, -16.98656394 ], [ -61.66097303, -16.98270204 ], [ -61.64040426, -16.53622658 ], [ -61.63931431, -16.50226726 ], [ -61.64073093, -16.49763639 ], [ -61.63887171, -16.48950847 ], [ -61.64084527, -16.48040481 ], [ -61.6435471, -16.47867816 ], [ -61.6456838, -16.47444196 ], [ -61.64959987, -16.47336269 ], [ -61.65198594, -16.45714928 ], [ -61.64992332, -16.44548781 ], [ -61.65314857, -16.44406865 ], [ -61.65386895, -16.43940482 ], [ -61.65734418, -16.43749749 ], [ -61.65931262, -16.43310553 ], [ -61.65797529, -16.41904697 ], [ -61.65529532, -16.41074845 ], [ -61.6522916, -16.40881112 ], [ -61.65133239, -16.4044587 ], [ -61.65756712, -16.39961848 ], [ -61.65669418, -16.39183909 ], [ -61.65916101, -16.38533133 ], [ -61.65753549, -16.38020858 ], [ -61.66530892, -16.37225727 ], [ -61.66585118, -16.36251179 ], [ -61.67100185, -16.35644464 ], [ -61.67144287, -16.35215955 ], [ -61.67523416, -16.34688169 ], [ -61.67482181, -16.34137499 ], [ -61.6717407, -16.33498257 ], [ -61.66949302, -16.31916385 ], [ -61.67121619, -16.31522494 ], [ -61.67043796, -16.30525513 ], [ -61.67380449, -16.30311255 ], [ -61.68333495, -16.30294318 ], [ -61.6870194, -16.29336329 ], [ -61.69322392, -16.28778982 ], [ -61.69761488, -16.27920511 ], [ -61.7046316, -16.27062789 ], [ -61.70543017, -16.26658221 ], [ -61.69057155, -16.2726625 ], [ -61.58252979, -16.26068495 ], [ -61.52048107, -16.24825313 ], [ -61.29867127, -16.19700358 ], [ -61.29422681, -16.21519401 ], [ -61.28240932, -16.22491242 ], [ -61.28165746, -16.23082836 ], [ -61.27565389, -16.23644787 ] ] ] } },
{ "type": "Feature", "properties": { "Municipio": "San Rafael de Velasco" }, "geometry": { "type": "Polygon", "coordinates": [ [ [ -60.00325225, -16.3777908 ], [ -59.85854536, -16.40242616 ], [ -59.76092156, -16.41239868 ], [ -59.70901055, -16.43222587 ], [ -59.6216979, -16.43815815 ], [ -59.50105964, -16.44343161 ], [ -59.52019698, -17.00905072 ], [ -60.3846293, -17.20957646 ], [ -60.44477457, -17.22194455 ], [ -60.44720119, -17.22643541 ], [ -60.45663636, -17.22909925 ], [ -60.46233432, -17.23436404 ], [ -60.47396577, -17.23130887 ], [ -60.48041574, -17.23559363 ], [ -60.48898368, -17.23600953 ], [ -60.49894317, -17.23214038 ], [ -60.50294937, -17.22661664 ], [ -60.51067527, -17.22032469 ], [ -60.51777705, -17.21999367 ], [ -60.52568243, -17.22509226 ], [ -60.52644146, -17.23010261 ], [ -60.52888969, -17.2318111 ], [ -60.53989153, -17.22881308 ], [ -60.54697028, -17.23160874 ], [ -60.54830985, -17.23362694 ], [ -60.55328507, -17.23301296 ], [ -60.55628992, -17.23695609 ], [ -60.5646619, -17.23301265 ], [ -60.56739796, -17.23469523 ], [ -60.56636792, -17.23689208 ], [ -60.57084592, -17.23655347 ], [ -60.57280817, -17.24022994 ], [ -60.57365101, -17.24724592 ], [ -60.56839499, -17.25305266 ], [ -60.57111699, -17.25620547 ], [ -60.57954235, -17.26052436 ], [ -60.60090854, -17.2675623 ], [ -60.60960266, -17.26787189 ], [ -60.61100426, -17.2615722 ], [ -60.61495296, -17.25779957 ], [ -60.61985252, -17.25873279 ], [ -60.63823645, -17.25707257 ], [ -60.64386628, -17.24804274 ], [ -60.65273824, -17.24234142 ], [ -60.65955144, -17.24281555 ], [ -60.66863448, -17.2407624 ], [ -60.67557722, -17.23452954 ], [ -60.6829222, -17.22268988 ], [ -60.68178693, -17.21885582 ], [ -60.67840554, -17.21671352 ], [ -60.69320046, -17.20679322 ], [ -60.70263108, -17.20912523 ], [ -60.71396644, -17.20533459 ], [ -60.7329226, -17.20461332 ], [ -60.74217586, -17.20095306 ], [ -60.7455739, -17.19747101 ], [ -60.7568394, -17.19787066 ], [ -60.76739867, -17.18886564 ], [ -60.77441388, -17.18697578 ], [ -60.77746309, -17.1844472 ], [ -60.78364025, -17.18383319 ], [ -60.7872526, -17.18657749 ], [ -60.79086049, -17.18441968 ], [ -60.79315119, -17.18659279 ], [ -60.79912626, -17.18773347 ], [ -60.80214341, -17.18645562 ], [ -60.80408302, -17.18752426 ], [ -60.80889264, -17.18412247 ], [ -60.81339134, -17.18526396 ], [ -60.81225591, -17.17762176 ], [ -60.81769173, -17.17739597 ], [ -60.81651161, -17.17406707 ], [ -60.80862917, -17.1683665 ], [ -60.8010932, -17.1700216 ], [ -60.79244844, -17.1660088 ], [ -60.78931442, -17.16258524 ], [ -60.78354982, -17.16377633 ], [ -60.78421779, -17.15278543 ], [ -60.78552431, -17.1511277 ], [ -60.78453691, -17.1494181 ], [ -60.77625907, -17.14696401 ], [ -60.77239471, -17.14041199 ], [ -60.75798252, -17.13174691 ], [ -60.75562135, -17.1256262 ], [ -60.74766224, -17.1206387 ], [ -60.73780173, -17.10180228 ], [ -60.73680583, -17.09142968 ], [ -60.73031084, -17.09167856 ], [ -60.72537146, -17.08824353 ], [ -60.72226286, -17.08496196 ], [ -60.72134225, -17.07744064 ], [ -60.71576851, -17.07348195 ], [ -60.72048159, -17.06498544 ], [ -60.71603761, -17.0606066 ], [ -60.71539736, -17.05778563 ], [ -60.71732019, -17.05683327 ], [ -60.7168469, -17.04952266 ], [ -60.71855665, -17.04759388 ], [ -60.71493014, -17.04073513 ], [ -60.71454103, -17.03575255 ], [ -60.7219452, -17.027719 ], [ -60.72154541, -17.02360207 ], [ -60.72519032, -17.01963864 ], [ -60.72556082, -17.01688279 ], [ -60.72389855, -17.01491619 ], [ -60.71896536, -17.01388694 ], [ -60.71968944, -17.0097826 ], [ -60.7241129, -17.00647721 ], [ -60.72270037, -16.99315003 ], [ -60.72473875, -16.99187412 ], [ -60.72423956, -16.98667385 ], [ -60.71792927, -16.97876758 ], [ -60.71696659, -16.97527658 ], [ -60.72043787, -16.97576542 ], [ -60.7222657, -16.97329672 ], [ -60.7260202, -16.96013539 ], [ -60.72499434, -16.95200721 ], [ -60.72120512, -16.94805801 ], [ -60.71852916, -16.9372699 ], [ -60.72568079, -16.93043473 ], [ -60.72516071, -16.92696579 ], [ -60.72890766, -16.92333275 ], [ -60.73824968, -16.92224097 ], [ -60.7518516, -16.9121096 ], [ -60.76844535, -16.90536484 ], [ -60.81177057, -16.89312631 ], [ -60.8135065, -16.88870745 ], [ -60.81725282, -16.88528406 ], [ -60.82270764, -16.88327259 ], [ -60.82860823, -16.87458173 ], [ -60.83549128, -16.87184054 ], [ -60.85812944, -16.8569173 ], [ -60.86906223, -16.85375144 ], [ -60.87928034, -16.84726343 ], [ -60.88704772, -16.81527332 ], [ -60.88773015, -16.80434865 ], [ -60.87458493, -16.78467533 ], [ -60.86953229, -16.7647418 ], [ -60.86200538, -16.75517161 ], [ -60.85731454, -16.74300081 ], [ -60.85355187, -16.73819945 ], [ -60.85021501, -16.73521187 ], [ -60.78287672, -16.7075264 ], [ -60.46188843, -16.5796116 ], [ -60.27307339, -16.50188714 ], [ -60.22272519, -16.48802189 ], [ -60.22048285, -16.49173024 ], [ -60.21494995, -16.49335133 ], [ -60.20978092, -16.48842342 ], [ -60.2029802, -16.48785807 ], [ -60.19961654, -16.4893817 ], [ -60.19249627, -16.48731527 ], [ -60.18828953, -16.48024248 ], [ -60.18109727, -16.48024409 ], [ -60.17593996, -16.47600577 ], [ -60.17481761, -16.46632362 ], [ -60.16988622, -16.46765597 ], [ -60.15889907, -16.4656755 ], [ -60.14947679, -16.46701551 ], [ -60.14818739, -16.46270594 ], [ -60.13976002, -16.4599597 ], [ -60.04355039, -16.4004582 ], [ -60.00325225, -16.3777908 ] ] ] } },
{ "type": "Feature", "properties": { "Municipio": "Santa Cruz de la Sierra" }, "geometry": { "type": "Polygon", "coordinates": [ [ [ -62.7762397, -17.66420449 ], [ -63.0547131, -17.66422983 ], [ -63.05476412, -17.83667329 ], [ -63.03299182, -17.84482294 ], [ -63.01225796, -17.84864418 ], [ -63.00205605, -17.84659278 ], [ -62.98106884, -17.84572324 ], [ -62.97607737, -17.8416045 ], [ -62.96868246, -17.83877808 ], [ -62.95637782, -17.84141615 ], [ -62.9434488, -17.83988541 ], [ -62.93975529, -17.8375002 ], [ -62.9363319, -17.84002146 ], [ -62.93468285, -17.84510387 ], [ -62.92564247, -17.85340487 ], [ -62.88999219, -17.85517184 ], [ -62.87871016, -17.85106085 ], [ -62.87124991, -17.85330078 ], [ -62.8690808, -17.84787956 ], [ -62.86686125, -17.84949395 ], [ -62.85707709, -17.84967431 ], [ -62.84586745, -17.84667157 ], [ -62.83997635, -17.8440247 ], [ -62.83324332, -17.83608823 ], [ -62.83233968, -17.83771176 ], [ -62.82791605, -17.83841057 ], [ -62.82109886, -17.8445639 ], [ -62.81594642, -17.83702514 ], [ -62.8094698, -17.83339355 ], [ -62.80323194, -17.83593575 ], [ -62.79664384, -17.83608464 ], [ -62.77995575, -17.82982871 ], [ -62.76388216, -17.83156837 ], [ -62.76659332, -17.84387853 ], [ -62.78087363, -17.85857461 ], [ -62.79097896, -17.87412433 ], [ -62.79091714, -17.87852346 ], [ -62.79563242, -17.89010479 ], [ -62.80565213, -17.90033884 ], [ -62.80692151, -17.90483864 ], [ -62.79865468, -17.91599712 ], [ -62.7972775, -17.91950123 ], [ -62.79791409, -17.92862718 ], [ -62.78242014, -17.95882169 ], [ -62.78349113, -17.96407229 ], [ -62.79491572, -17.98292684 ], [ -62.80909457, -17.99794929 ], [ -62.8076743, -18.00571887 ], [ -62.81179839, -18.00947142 ], [ -62.81605207, -18.0172606 ], [ -62.98511794, -18.01772109 ], [ -63.00029642, -17.97819895 ], [ -63.00495977, -17.97715301 ], [ -63.00811547, -17.98002269 ], [ -63.01190911, -17.98048231 ], [ -63.01786517, -17.97873858 ], [ -63.01495023, -17.97456074 ], [ -63.03062903, -17.9758474 ], [ -63.03196234, -17.97455058 ], [ -63.029706, -17.97312738 ], [ -63.03018678, -17.97206007 ], [ -63.03369169, -17.9734833 ], [ -63.03539837, -17.96961569 ], [ -63.0410055, -17.96828441 ], [ -63.04038293, -17.96456596 ], [ -63.0466614, -17.96495601 ], [ -63.04957953, -17.96274086 ], [ -63.04907611, -17.96082429 ], [ -63.05183699, -17.96139795 ], [ -63.054491, -17.9589073 ], [ -63.05418006, -17.9558201 ], [ -63.05570438, -17.95647414 ], [ -63.05913835, -17.95453425 ], [ -63.0593791, -17.95262909 ], [ -63.06527489, -17.9472917 ], [ -63.06793945, -17.9482783 ], [ -63.07319778, -17.94609686 ], [ -63.07940909, -17.94852777 ], [ -63.09361689, -17.94183429 ], [ -63.10050805, -17.93240984 ], [ -63.11816422, -17.93331007 ], [ -63.12048081, -17.93047436 ], [ -63.12927875, -17.92904734 ], [ -63.13086318, -17.93094025 ], [ -63.146417, -17.91811276 ], [ -63.15274208, -17.91862561 ], [ -63.15505878, -17.92046051 ], [ -63.15755502, -17.91955234 ], [ -63.16319462, -17.91371864 ], [ -63.16971087, -17.91149935 ], [ -63.17547031, -17.90730638 ], [ -63.17550568, -17.90518316 ], [ -63.17980824, -17.89961628 ], [ -63.18596804, -17.89816325 ], [ -63.18737064, -17.89414534 ], [ -63.19124648, -17.89349964 ], [ -63.19185735, -17.8905726 ], [ -63.20153006, -17.88208638 ], [ -63.20938259, -17.8806733 ], [ -63.2177984, -17.87364795 ], [ -63.22538666, -17.87287591 ], [ -63.22798955, -17.84791276 ], [ -63.24398236, -17.8348744 ], [ -63.25022516, -17.83298706 ], [ -63.257146, -17.83614348 ], [ -63.26323458, -17.83480001 ], [ -63.26777967, -17.836829 ], [ -63.27547449, -17.84442401 ], [ -63.28186273, -17.84709448 ], [ -63.28665775, -17.84670771 ], [ -63.28442018, -17.83866843 ], [ -63.28706369, -17.83699767 ], [ -63.27808932, -17.83526018 ], [ -63.27419369, -17.83133456 ], [ -63.27701429, -17.82702793 ], [ -63.27639707, -17.82314619 ], [ -63.27041517, -17.82115463 ], [ -63.26496909, -17.81631648 ], [ -63.2528897, -17.81304378 ], [ -63.24568812, -17.80484552 ], [ -63.23388511, -17.79995613 ], [ -63.23186975, -17.78687103 ], [ -63.22718862, -17.77925938 ], [ -63.21504686, -17.76673139 ], [ -63.21215978, -17.73852771 ], [ -63.20828192, -17.73282119 ], [ -63.20042134, -17.7132916 ], [ -63.20107433, -17.70405157 ], [ -63.2069884, -17.68473614 ], [ -63.19203645, -17.67815194 ], [ -63.1509638, -17.66810808 ], [ -63.08719613, -17.65693953 ], [ -63.05976745, -17.64494786 ], [ -63.03154205, -17.63759974 ], [ -63.0179879, -17.63227134 ], [ -62.98672984, -17.61846714 ], [ -62.96984032, -17.6087136 ], [ -62.9420008, -17.59822046 ], [ -62.87791813, -17.56847052 ], [ -62.79002717, -17.50809796 ], [ -62.78879029, -17.51216172 ], [ -62.78928018, -17.52773629 ], [ -62.78295223, -17.53721127 ], [ -62.7803265, -17.54776128 ], [ -62.76265561, -17.56684504 ], [ -62.76311625, -17.57177353 ], [ -62.78049436, -17.58825736 ], [ -62.7854874, -17.5948549 ], [ -62.78658788, -17.59899136 ], [ -62.78504261, -17.61185646 ], [ -62.77283372, -17.64323909 ], [ -62.77371214, -17.65741005 ], [ -62.7762397, -17.66420449 ] ] ] } }
]
}
